
Sat Aug 29 22:52:00 2026 : [INF] ############## Executing flash command ##############
Sat Aug 29 22:52:00 2026 : [INF] /home/rajas/STM32Cube/Repository/STM32Cube_FW_H5_V1.7.0/Utilities/PC_Software/ROT_AppliConfig/AppliCfg.py flash --layout /home/rajas/workspace/OEMiROT/OEMiROT_Boot/STM32CubeIDE/image_macros_preprocessed_bl2.c -b S_CODE_REGION_START -m RE_ADDRESS_SECURE_START /home/rajas/workspace/OEMiROT/OEMiROT_Boot/STM32CubeIDE/../../OEMiROT_Boot/map.properties --vb
Sat Aug 29 22:52:00 2026 : [INF] open file (/home/rajas/workspace/OEMiROT/OEMiROT_Boot/STM32CubeIDE/../../OEMiROT_Boot/map.properties)
Sat Aug 29 22:52:00 2026 : [INF] open file (/home/rajas/workspace/OEMiROT/OEMiROT_Boot/STM32CubeIDE/image_macros_preprocessed_bl2.c)
Sat Aug 29 22:52:00 2026 : [INF] Opening the '/home/rajas/workspace/OEMiROT/OEMiROT_Boot/STM32CubeIDE/image_macros_preprocessed_bl2.c' file
Sat Aug 29 22:52:00 2026 : [INF] The value computed for 'RE_ADDRESS_SECURE_START' is '0xc02a000'
Sat Aug 29 22:52:00 2026 : [INF] Value to be used 0xC02A000
Sat Aug 29 22:52:00 2026 : [INF] File to update '/home/rajas/workspace/OEMiROT/OEMiROT_Boot/STM32CubeIDE/../../OEMiROT_Boot/map.properties'
Sat Aug 29 22:52:00 2026 : [INF] The modification is not necessary
Sat Aug 29 22:52:00 2026 : [INF] The variable has already the correct value (0xC02A000)
Sat Aug 29 22:52:00 2026 : [INF] Script variable "S_CODE_REGION_START" is updated with value "0xC02A000"
Sat Aug 29 22:52:00 2026 : [INF] Saving file modification
Sat Aug 29 22:52:00 2026 : [INF] ############## Executing flash command ##############
Sat Aug 29 22:52:00 2026 : [INF] /home/rajas/STM32Cube/Repository/STM32Cube_FW_H5_V1.7.0/Utilities/PC_Software/ROT_AppliConfig/AppliCfg.py flash --layout /home/rajas/workspace/OEMiROT/OEMiROT_Boot/STM32CubeIDE/image_macros_preprocessed_bl2.c -b S_CODE_REGION_SIZE -m RE_IMAGE_FLASH_SECURE_IMAGE_SIZE /home/rajas/workspace/OEMiROT/OEMiROT_Boot/STM32CubeIDE/../../OEMiROT_Boot/map.properties --vb
Sat Aug 29 22:52:00 2026 : [INF] open file (/home/rajas/workspace/OEMiROT/OEMiROT_Boot/STM32CubeIDE/../../OEMiROT_Boot/map.properties)
Sat Aug 29 22:52:00 2026 : [INF] open file (/home/rajas/workspace/OEMiROT/OEMiROT_Boot/STM32CubeIDE/image_macros_preprocessed_bl2.c)
Sat Aug 29 22:52:00 2026 : [INF] Opening the '/home/rajas/workspace/OEMiROT/OEMiROT_Boot/STM32CubeIDE/image_macros_preprocessed_bl2.c' file
Sat Aug 29 22:52:00 2026 : [INF] The value computed for 'RE_IMAGE_FLASH_SECURE_IMAGE_SIZE' is '0x6000'
Sat Aug 29 22:52:00 2026 : [INF] Value to be used 0x6000
Sat Aug 29 22:52:00 2026 : [INF] File to update '/home/rajas/workspace/OEMiROT/OEMiROT_Boot/STM32CubeIDE/../../OEMiROT_Boot/map.properties'
Sat Aug 29 22:52:00 2026 : [INF] The modification is not necessary
Sat Aug 29 22:52:00 2026 : [INF] The variable has already the correct value (0x6000)
Sat Aug 29 22:52:00 2026 : [INF] Script variable "S_CODE_REGION_SIZE" is updated with value "0x6000"
Sat Aug 29 22:52:00 2026 : [INF] Saving file modification
Sat Aug 29 22:52:00 2026 : [INF] ############## Executing flash command ##############
Sat Aug 29 22:52:00 2026 : [INF] /home/rajas/STM32Cube/Repository/STM32Cube_FW_H5_V1.7.0/Utilities/PC_Software/ROT_AppliConfig/AppliCfg.py flash --layout /home/rajas/workspace/OEMiROT/OEMiROT_Boot/STM32CubeIDE/image_macros_preprocessed_bl2.c -b NS_CODE_REGION_START -m RE_ADDRESS_NON_SECURE_START /home/rajas/workspace/OEMiROT/OEMiROT_Boot/STM32CubeIDE/../../OEMiROT_Boot/map.properties --vb
Sat Aug 29 22:52:00 2026 : [INF] open file (/home/rajas/workspace/OEMiROT/OEMiROT_Boot/STM32CubeIDE/../../OEMiROT_Boot/map.properties)
Sat Aug 29 22:52:00 2026 : [INF] open file (/home/rajas/workspace/OEMiROT/OEMiROT_Boot/STM32CubeIDE/image_macros_preprocessed_bl2.c)
Sat Aug 29 22:52:00 2026 : [INF] Opening the '/home/rajas/workspace/OEMiROT/OEMiROT_Boot/STM32CubeIDE/image_macros_preprocessed_bl2.c' file
Sat Aug 29 22:52:00 2026 : [INF] The value computed for 'RE_ADDRESS_NON_SECURE_START' is '0x8030000'
Sat Aug 29 22:52:00 2026 : [INF] Value to be used 0x8030000
Sat Aug 29 22:52:00 2026 : [INF] File to update '/home/rajas/workspace/OEMiROT/OEMiROT_Boot/STM32CubeIDE/../../OEMiROT_Boot/map.properties'
Sat Aug 29 22:52:00 2026 : [INF] The modification is not necessary
Sat Aug 29 22:52:00 2026 : [INF] The variable has already the correct value (0x8030000)
Sat Aug 29 22:52:00 2026 : [INF] Script variable "NS_CODE_REGION_START" is updated with value "0x8030000"
Sat Aug 29 22:52:00 2026 : [INF] Saving file modification
Sat Aug 29 22:52:01 2026 : [INF] ############## Executing flash command ##############
Sat Aug 29 22:52:01 2026 : [INF] /home/rajas/STM32Cube/Repository/STM32Cube_FW_H5_V1.7.0/Utilities/PC_Software/ROT_AppliConfig/AppliCfg.py flash --layout /home/rajas/workspace/OEMiROT/OEMiROT_Boot/STM32CubeIDE/image_macros_preprocessed_bl2.c -b NS_CODE_REGION_SIZE -m RE_IMAGE_NON_SECURE_IMAGE_SIZE /home/rajas/workspace/OEMiROT/OEMiROT_Boot/STM32CubeIDE/../../OEMiROT_Boot/map.properties --vb
Sat Aug 29 22:52:01 2026 : [INF] open file (/home/rajas/workspace/OEMiROT/OEMiROT_Boot/STM32CubeIDE/../../OEMiROT_Boot/map.properties)
Sat Aug 29 22:52:01 2026 : [INF] open file (/home/rajas/workspace/OEMiROT/OEMiROT_Boot/STM32CubeIDE/image_macros_preprocessed_bl2.c)
Sat Aug 29 22:52:01 2026 : [INF] Opening the '/home/rajas/workspace/OEMiROT/OEMiROT_Boot/STM32CubeIDE/image_macros_preprocessed_bl2.c' file
Sat Aug 29 22:52:01 2026 : [INF] The value computed for 'RE_IMAGE_NON_SECURE_IMAGE_SIZE' is '0xa0000'
Sat Aug 29 22:52:01 2026 : [INF] Value to be used 0xA0000
Sat Aug 29 22:52:01 2026 : [INF] File to update '/home/rajas/workspace/OEMiROT/OEMiROT_Boot/STM32CubeIDE/../../OEMiROT_Boot/map.properties'
Sat Aug 29 22:52:01 2026 : [INF] The modification is not necessary
Sat Aug 29 22:52:01 2026 : [INF] The variable has already the correct value (0xA0000)
Sat Aug 29 22:52:01 2026 : [INF] Script variable "NS_CODE_REGION_SIZE" is updated with value "0xA0000"
Sat Aug 29 22:52:01 2026 : [INF] Saving file modification
Sat Aug 29 22:52:01 2026 : [INF] ############## Executing flash command ##############
Sat Aug 29 22:52:01 2026 : [INF] /home/rajas/STM32Cube/Repository/STM32Cube_FW_H5_V1.7.0/Utilities/PC_Software/ROT_AppliConfig/AppliCfg.py flash --layout /home/rajas/workspace/OEMiROT/OEMiROT_Boot/STM32CubeIDE/image_macros_preprocessed_bl2.c -b S_DATA -m RE_S_DATA_IMAGE_NUMBER /home/rajas/workspace/OEMiROT/OEMiROT_Boot/STM32CubeIDE/../../OEMiROT_Boot/map.properties --vb
Sat Aug 29 22:52:01 2026 : [INF] open file (/home/rajas/workspace/OEMiROT/OEMiROT_Boot/STM32CubeIDE/../../OEMiROT_Boot/map.properties)
Sat Aug 29 22:52:01 2026 : [INF] open file (/home/rajas/workspace/OEMiROT/OEMiROT_Boot/STM32CubeIDE/image_macros_preprocessed_bl2.c)
Sat Aug 29 22:52:01 2026 : [INF] Opening the '/home/rajas/workspace/OEMiROT/OEMiROT_Boot/STM32CubeIDE/image_macros_preprocessed_bl2.c' file
Sat Aug 29 22:52:01 2026 : [INF] The value computed for 'RE_S_DATA_IMAGE_NUMBER' is '0x1'
Sat Aug 29 22:52:01 2026 : [INF] Value to be used 0x1
Sat Aug 29 22:52:01 2026 : [INF] File to update '/home/rajas/workspace/OEMiROT/OEMiROT_Boot/STM32CubeIDE/../../OEMiROT_Boot/map.properties'
Sat Aug 29 22:52:01 2026 : [INF] The modification is not necessary
Sat Aug 29 22:52:01 2026 : [INF] The variable has already the correct value (0x1)
Sat Aug 29 22:52:01 2026 : [INF] Script variable "S_DATA" is updated with value "0x1"
Sat Aug 29 22:52:01 2026 : [INF] Saving file modification
Sat Aug 29 22:52:01 2026 : [INF] ############## Executing flash command ##############
Sat Aug 29 22:52:01 2026 : [INF] /home/rajas/STM32Cube/Repository/STM32Cube_FW_H5_V1.7.0/Utilities/PC_Software/ROT_AppliConfig/AppliCfg.py flash --layout /home/rajas/workspace/OEMiROT/OEMiROT_Boot/STM32CubeIDE/image_macros_preprocessed_bl2.c -b NS_DATA -m RE_NS_DATA_IMAGE_NUMBER /home/rajas/workspace/OEMiROT/OEMiROT_Boot/STM32CubeIDE/../../OEMiROT_Boot/map.properties --vb
Sat Aug 29 22:52:01 2026 : [INF] open file (/home/rajas/workspace/OEMiROT/OEMiROT_Boot/STM32CubeIDE/../../OEMiROT_Boot/map.properties)
Sat Aug 29 22:52:01 2026 : [INF] open file (/home/rajas/workspace/OEMiROT/OEMiROT_Boot/STM32CubeIDE/image_macros_preprocessed_bl2.c)
Sat Aug 29 22:52:01 2026 : [INF] Opening the '/home/rajas/workspace/OEMiROT/OEMiROT_Boot/STM32CubeIDE/image_macros_preprocessed_bl2.c' file
Sat Aug 29 22:52:01 2026 : [INF] The value computed for 'RE_NS_DATA_IMAGE_NUMBER' is '0x1'
Sat Aug 29 22:52:01 2026 : [INF] Value to be used 0x1
Sat Aug 29 22:52:01 2026 : [INF] File to update '/home/rajas/workspace/OEMiROT/OEMiROT_Boot/STM32CubeIDE/../../OEMiROT_Boot/map.properties'
Sat Aug 29 22:52:01 2026 : [INF] The modification is not necessary
Sat Aug 29 22:52:01 2026 : [INF] The variable has already the correct value (0x1)
Sat Aug 29 22:52:01 2026 : [INF] Script variable "NS_DATA" is updated with value "0x1"
Sat Aug 29 22:52:01 2026 : [INF] Saving file modification
Sat Aug 29 22:52:01 2026 : [INF] ############## Executing flash command ##############
Sat Aug 29 22:52:01 2026 : [INF] /home/rajas/STM32Cube/Repository/STM32Cube_FW_H5_V1.7.0/Utilities/PC_Software/ROT_AppliConfig/AppliCfg.py flash --layout /home/rajas/workspace/OEMiROT/OEMiROT_Boot/STM32CubeIDE/image_macros_preprocessed_bl2.c -b CODE_IMAGE_ASSEMBLY -m RE_CODE_IMAGE_ASSEMBLY /home/rajas/workspace/OEMiROT/OEMiROT_Boot/STM32CubeIDE/../../OEMiROT_Boot/map.properties --vb
Sat Aug 29 22:52:01 2026 : [INF] open file (/home/rajas/workspace/OEMiROT/OEMiROT_Boot/STM32CubeIDE/../../OEMiROT_Boot/map.properties)
Sat Aug 29 22:52:01 2026 : [INF] open file (/home/rajas/workspace/OEMiROT/OEMiROT_Boot/STM32CubeIDE/image_macros_preprocessed_bl2.c)
Sat Aug 29 22:52:01 2026 : [INF] Opening the '/home/rajas/workspace/OEMiROT/OEMiROT_Boot/STM32CubeIDE/image_macros_preprocessed_bl2.c' file
Sat Aug 29 22:52:01 2026 : [INF] The value computed for 'RE_CODE_IMAGE_ASSEMBLY' is '0x0'
Sat Aug 29 22:52:01 2026 : [INF] Value to be used 0x0
Sat Aug 29 22:52:01 2026 : [INF] File to update '/home/rajas/workspace/OEMiROT/OEMiROT_Boot/STM32CubeIDE/../../OEMiROT_Boot/map.properties'
Sat Aug 29 22:52:01 2026 : [INF] The modification is not necessary
Sat Aug 29 22:52:01 2026 : [INF] The variable has already the correct value (0x0)
Sat Aug 29 22:52:01 2026 : [INF] Script variable "CODE_IMAGE_ASSEMBLY" is updated with value "0x0"
Sat Aug 29 22:52:01 2026 : [INF] Saving file modification
Sat Aug 29 22:52:01 2026 : [INF] ############## Executing flash command ##############
Sat Aug 29 22:52:01 2026 : [INF] /home/rajas/STM32Cube/Repository/STM32Cube_FW_H5_V1.7.0/Utilities/PC_Software/ROT_AppliConfig/AppliCfg.py flash --layout /home/rajas/workspace/OEMiROT/OEMiROT_Boot/STM32CubeIDE/image_macros_preprocessed_bl2.c -b MCUBOOT_OVERWRITE_ONLY -m RE_OVER_WRITE /home/rajas/workspace/OEMiROT/OEMiROT_Boot/STM32CubeIDE/../../OEMiROT_Boot/map.properties --vb
Sat Aug 29 22:52:01 2026 : [INF] open file (/home/rajas/workspace/OEMiROT/OEMiROT_Boot/STM32CubeIDE/../../OEMiROT_Boot/map.properties)
Sat Aug 29 22:52:01 2026 : [INF] open file (/home/rajas/workspace/OEMiROT/OEMiROT_Boot/STM32CubeIDE/image_macros_preprocessed_bl2.c)
Sat Aug 29 22:52:01 2026 : [INF] Opening the '/home/rajas/workspace/OEMiROT/OEMiROT_Boot/STM32CubeIDE/image_macros_preprocessed_bl2.c' file
Sat Aug 29 22:52:01 2026 : [INF] The value computed for 'RE_OVER_WRITE' is '0x0'
Sat Aug 29 22:52:01 2026 : [INF] Value to be used 0x0
Sat Aug 29 22:52:01 2026 : [INF] File to update '/home/rajas/workspace/OEMiROT/OEMiROT_Boot/STM32CubeIDE/../../OEMiROT_Boot/map.properties'
Sat Aug 29 22:52:01 2026 : [INF] The modification is not necessary
Sat Aug 29 22:52:01 2026 : [INF] The variable has already the correct value (0x0)
Sat Aug 29 22:52:01 2026 : [INF] Script variable "MCUBOOT_OVERWRITE_ONLY" is updated with value "0x0"
Sat Aug 29 22:52:01 2026 : [INF] Saving file modification
Sat Aug 29 22:52:01 2026 : [INF] ############## Executing flash command ##############
Sat Aug 29 22:52:01 2026 : [INF] /home/rajas/STM32Cube/Repository/STM32Cube_FW_H5_V1.7.0/Utilities/PC_Software/ROT_AppliConfig/AppliCfg.py flash --layout /home/rajas/workspace/OEMiROT/OEMiROT_Boot/STM32CubeIDE/image_macros_preprocessed_bl2.c -b CMSE_VENEER_REGION_SIZE -m RE_CMSE_VENEER_REGION_SIZE /home/rajas/workspace/OEMiROT/OEMiROT_Boot/STM32CubeIDE/../../OEMiROT_Boot/map.properties --vb
Sat Aug 29 22:52:01 2026 : [INF] open file (/home/rajas/workspace/OEMiROT/OEMiROT_Boot/STM32CubeIDE/../../OEMiROT_Boot/map.properties)
Sat Aug 29 22:52:01 2026 : [INF] open file (/home/rajas/workspace/OEMiROT/OEMiROT_Boot/STM32CubeIDE/image_macros_preprocessed_bl2.c)
Sat Aug 29 22:52:01 2026 : [INF] Opening the '/home/rajas/workspace/OEMiROT/OEMiROT_Boot/STM32CubeIDE/image_macros_preprocessed_bl2.c' file
Sat Aug 29 22:52:01 2026 : [INF] The value computed for 'RE_CMSE_VENEER_REGION_SIZE' is '0x2000'
Sat Aug 29 22:52:01 2026 : [INF] Value to be used 0x2000
Sat Aug 29 22:52:01 2026 : [INF] File to update '/home/rajas/workspace/OEMiROT/OEMiROT_Boot/STM32CubeIDE/../../OEMiROT_Boot/map.properties'
Sat Aug 29 22:52:01 2026 : [INF] The modification is not necessary
Sat Aug 29 22:52:01 2026 : [INF] The variable has already the correct value (0x2000)
Sat Aug 29 22:52:01 2026 : [INF] Script variable "CMSE_VENEER_REGION_SIZE" is updated with value "0x2000"
Sat Aug 29 22:52:01 2026 : [INF] Saving file modification
Sat Aug 29 22:52:01 2026 : [INF] ############## Executing flash command ##############
Sat Aug 29 22:52:01 2026 : [INF] /home/rajas/STM32Cube/Repository/STM32Cube_FW_H5_V1.7.0/Utilities/PC_Software/ROT_AppliConfig/AppliCfg.py flash --layout /home/rajas/workspace/OEMiROT/OEMiROT_Boot/STM32CubeIDE/image_macros_preprocessed_bl2.c -b S_DATA_REGION_START -m RE_AREA_4_OFFSET /home/rajas/workspace/OEMiROT/OEMiROT_Boot/STM32CubeIDE/../../OEMiROT_Boot/map.properties --vb
Sat Aug 29 22:52:01 2026 : [INF] open file (/home/rajas/workspace/OEMiROT/OEMiROT_Boot/STM32CubeIDE/../../OEMiROT_Boot/map.properties)
Sat Aug 29 22:52:01 2026 : [INF] open file (/home/rajas/workspace/OEMiROT/OEMiROT_Boot/STM32CubeIDE/image_macros_preprocessed_bl2.c)
Sat Aug 29 22:52:01 2026 : [INF] Opening the '/home/rajas/workspace/OEMiROT/OEMiROT_Boot/STM32CubeIDE/image_macros_preprocessed_bl2.c' file
Sat Aug 29 22:52:01 2026 : [INF] The value computed for 'RE_AREA_4_OFFSET' is '0x28000'
Sat Aug 29 22:52:01 2026 : [INF] Value to be used 0x28000
Sat Aug 29 22:52:01 2026 : [INF] File to update '/home/rajas/workspace/OEMiROT/OEMiROT_Boot/STM32CubeIDE/../../OEMiROT_Boot/map.properties'
Sat Aug 29 22:52:01 2026 : [INF] The modification is not necessary
Sat Aug 29 22:52:01 2026 : [INF] The variable has already the correct value (0x28000)
Sat Aug 29 22:52:01 2026 : [INF] Script variable "S_DATA_REGION_START" is updated with value "0x28000"
Sat Aug 29 22:52:01 2026 : [INF] Saving file modification
Sat Aug 29 22:52:01 2026 : [INF] ############## Executing flash command ##############
Sat Aug 29 22:52:01 2026 : [INF] /home/rajas/STM32Cube/Repository/STM32Cube_FW_H5_V1.7.0/Utilities/PC_Software/ROT_AppliConfig/AppliCfg.py flash --layout /home/rajas/workspace/OEMiROT/OEMiROT_Boot/STM32CubeIDE/image_macros_preprocessed_bl2.c -b S_DATA_REGION_SIZE -m RE_AREA_4_SIZE /home/rajas/workspace/OEMiROT/OEMiROT_Boot/STM32CubeIDE/../../OEMiROT_Boot/map.properties --vb
Sat Aug 29 22:52:01 2026 : [INF] open file (/home/rajas/workspace/OEMiROT/OEMiROT_Boot/STM32CubeIDE/../../OEMiROT_Boot/map.properties)
Sat Aug 29 22:52:01 2026 : [INF] open file (/home/rajas/workspace/OEMiROT/OEMiROT_Boot/STM32CubeIDE/image_macros_preprocessed_bl2.c)
Sat Aug 29 22:52:01 2026 : [INF] Opening the '/home/rajas/workspace/OEMiROT/OEMiROT_Boot/STM32CubeIDE/image_macros_preprocessed_bl2.c' file
Sat Aug 29 22:52:01 2026 : [INF] The value computed for 'RE_AREA_4_SIZE' is '0x2000'
Sat Aug 29 22:52:01 2026 : [INF] Value to be used 0x2000
Sat Aug 29 22:52:01 2026 : [INF] File to update '/home/rajas/workspace/OEMiROT/OEMiROT_Boot/STM32CubeIDE/../../OEMiROT_Boot/map.properties'
Sat Aug 29 22:52:01 2026 : [INF] The modification is not necessary
Sat Aug 29 22:52:01 2026 : [INF] The variable has already the correct value (0x2000)
Sat Aug 29 22:52:01 2026 : [INF] Script variable "S_DATA_REGION_SIZE" is updated with value "0x2000"
Sat Aug 29 22:52:01 2026 : [INF] Saving file modification
Sat Aug 29 22:52:01 2026 : [INF] ############## Executing flash command ##############
Sat Aug 29 22:52:01 2026 : [INF] /home/rajas/STM32Cube/Repository/STM32Cube_FW_H5_V1.7.0/Utilities/PC_Software/ROT_AppliConfig/AppliCfg.py flash --layout /home/rajas/workspace/OEMiROT/OEMiROT_Boot/STM32CubeIDE/image_macros_preprocessed_bl2.c -b NS_DATA_REGION_START -m RE_AREA_5_OFFSET /home/rajas/workspace/OEMiROT/OEMiROT_Boot/STM32CubeIDE/../../OEMiROT_Boot/map.properties --vb
Sat Aug 29 22:52:01 2026 : [INF] open file (/home/rajas/workspace/OEMiROT/OEMiROT_Boot/STM32CubeIDE/../../OEMiROT_Boot/map.properties)
Sat Aug 29 22:52:01 2026 : [INF] open file (/home/rajas/workspace/OEMiROT/OEMiROT_Boot/STM32CubeIDE/image_macros_preprocessed_bl2.c)
Sat Aug 29 22:52:01 2026 : [INF] Opening the '/home/rajas/workspace/OEMiROT/OEMiROT_Boot/STM32CubeIDE/image_macros_preprocessed_bl2.c' file
Sat Aug 29 22:52:01 2026 : [INF] The value computed for 'RE_AREA_5_OFFSET' is '0xd0000'
Sat Aug 29 22:52:01 2026 : [INF] Value to be used 0xD0000
Sat Aug 29 22:52:01 2026 : [INF] File to update '/home/rajas/workspace/OEMiROT/OEMiROT_Boot/STM32CubeIDE/../../OEMiROT_Boot/map.properties'
Sat Aug 29 22:52:01 2026 : [INF] The modification is not necessary
Sat Aug 29 22:52:01 2026 : [INF] The variable has already the correct value (0xD0000)
Sat Aug 29 22:52:01 2026 : [INF] Script variable "NS_DATA_REGION_START" is updated with value "0xD0000"
Sat Aug 29 22:52:01 2026 : [INF] Saving file modification
Sat Aug 29 22:52:01 2026 : [INF] ############## Executing flash command ##############
Sat Aug 29 22:52:01 2026 : [INF] /home/rajas/STM32Cube/Repository/STM32Cube_FW_H5_V1.7.0/Utilities/PC_Software/ROT_AppliConfig/AppliCfg.py flash --layout /home/rajas/workspace/OEMiROT/OEMiROT_Boot/STM32CubeIDE/image_macros_preprocessed_bl2.c -b NS_DATA_REGION_SIZE -m RE_AREA_5_SIZE /home/rajas/workspace/OEMiROT/OEMiROT_Boot/STM32CubeIDE/../../OEMiROT_Boot/map.properties --vb
Sat Aug 29 22:52:01 2026 : [INF] open file (/home/rajas/workspace/OEMiROT/OEMiROT_Boot/STM32CubeIDE/../../OEMiROT_Boot/map.properties)
Sat Aug 29 22:52:01 2026 : [INF] open file (/home/rajas/workspace/OEMiROT/OEMiROT_Boot/STM32CubeIDE/image_macros_preprocessed_bl2.c)
Sat Aug 29 22:52:01 2026 : [INF] Opening the '/home/rajas/workspace/OEMiROT/OEMiROT_Boot/STM32CubeIDE/image_macros_preprocessed_bl2.c' file
Sat Aug 29 22:52:01 2026 : [INF] The value computed for 'RE_AREA_5_SIZE' is '0x2000'
Sat Aug 29 22:52:01 2026 : [INF] Value to be used 0x2000
Sat Aug 29 22:52:01 2026 : [INF] File to update '/home/rajas/workspace/OEMiROT/OEMiROT_Boot/STM32CubeIDE/../../OEMiROT_Boot/map.properties'
Sat Aug 29 22:52:01 2026 : [INF] The modification is not necessary
Sat Aug 29 22:52:01 2026 : [INF] The variable has already the correct value (0x2000)
Sat Aug 29 22:52:01 2026 : [INF] Script variable "NS_DATA_REGION_SIZE" is updated with value "0x2000"
Sat Aug 29 22:52:01 2026 : [INF] Saving file modification
Sat Aug 29 22:52:01 2026 : [INF] ############## Executing flash command ##############
Sat Aug 29 22:52:01 2026 : [INF] /home/rajas/STM32Cube/Repository/STM32Cube_FW_H5_V1.7.0/Utilities/PC_Software/ROT_AppliConfig/AppliCfg.py flash --layout /home/rajas/workspace/OEMiROT/OEMiROT_Boot/STM32CubeIDE/image_macros_preprocessed_bl2.c -b ROT_REGION_START -m RE_FLASH_AREA_BL2_OFFSET /home/rajas/workspace/OEMiROT/OEMiROT_Boot/STM32CubeIDE/../../OEMiROT_Boot/map.properties --vb
Sat Aug 29 22:52:01 2026 : [INF] open file (/home/rajas/workspace/OEMiROT/OEMiROT_Boot/STM32CubeIDE/../../OEMiROT_Boot/map.properties)
Sat Aug 29 22:52:01 2026 : [INF] open file (/home/rajas/workspace/OEMiROT/OEMiROT_Boot/STM32CubeIDE/image_macros_preprocessed_bl2.c)
Sat Aug 29 22:52:01 2026 : [INF] Opening the '/home/rajas/workspace/OEMiROT/OEMiROT_Boot/STM32CubeIDE/image_macros_preprocessed_bl2.c' file
Sat Aug 29 22:52:01 2026 : [INF] The value computed for 'RE_FLASH_AREA_BL2_OFFSET' is '0x0'
Sat Aug 29 22:52:01 2026 : [INF] Value to be used 0x0
Sat Aug 29 22:52:01 2026 : [INF] File to update '/home/rajas/workspace/OEMiROT/OEMiROT_Boot/STM32CubeIDE/../../OEMiROT_Boot/map.properties'
Sat Aug 29 22:52:01 2026 : [INF] The modification is not necessary
Sat Aug 29 22:52:01 2026 : [INF] The variable has already the correct value (0x0)
Sat Aug 29 22:52:01 2026 : [INF] Script variable "ROT_REGION_START" is updated with value "0x0"
Sat Aug 29 22:52:01 2026 : [INF] Saving file modification
Sat Aug 29 22:52:01 2026 : [INF] ############## Executing flash command ##############
Sat Aug 29 22:52:01 2026 : [INF] /home/rajas/STM32Cube/Repository/STM32Cube_FW_H5_V1.7.0/Utilities/PC_Software/ROT_AppliConfig/AppliCfg.py flash --layout /home/rajas/workspace/OEMiROT/OEMiROT_Boot/STM32CubeIDE/image_macros_preprocessed_bl2.c -b ROT_REGION_SIZE -m RE_FLASH_AREA_BL2_SIZE /home/rajas/workspace/OEMiROT/OEMiROT_Boot/STM32CubeIDE/../../OEMiROT_Boot/map.properties --vb
Sat Aug 29 22:52:01 2026 : [INF] open file (/home/rajas/workspace/OEMiROT/OEMiROT_Boot/STM32CubeIDE/../../OEMiROT_Boot/map.properties)
Sat Aug 29 22:52:01 2026 : [INF] open file (/home/rajas/workspace/OEMiROT/OEMiROT_Boot/STM32CubeIDE/image_macros_preprocessed_bl2.c)
Sat Aug 29 22:52:01 2026 : [INF] Opening the '/home/rajas/workspace/OEMiROT/OEMiROT_Boot/STM32CubeIDE/image_macros_preprocessed_bl2.c' file
Sat Aug 29 22:52:01 2026 : [INF] The value computed for 'RE_FLASH_AREA_BL2_SIZE' is '0x18000'
Sat Aug 29 22:52:01 2026 : [INF] Value to be used 0x18000
Sat Aug 29 22:52:01 2026 : [INF] File to update '/home/rajas/workspace/OEMiROT/OEMiROT_Boot/STM32CubeIDE/../../OEMiROT_Boot/map.properties'
Sat Aug 29 22:52:01 2026 : [INF] The modification is not necessary
Sat Aug 29 22:52:01 2026 : [INF] The variable has already the correct value (0x18000)
Sat Aug 29 22:52:01 2026 : [INF] Script variable "ROT_REGION_SIZE" is updated with value "0x18000"
Sat Aug 29 22:52:01 2026 : [INF] Saving file modification
Sat Aug 29 22:52:01 2026 : [INF] ############## Executing flash command ##############
Sat Aug 29 22:52:01 2026 : [INF] /home/rajas/STM32Cube/Repository/STM32Cube_FW_H5_V1.7.0/Utilities/PC_Software/ROT_AppliConfig/AppliCfg.py flash --layout /home/rajas/workspace/OEMiROT/OEMiROT_Boot/STM32CubeIDE/image_macros_preprocessed_bl2.c -b SCRATCH_REGION_START -m RE_FLASH_AREA_SCRATCH_OFFSET /home/rajas/workspace/OEMiROT/OEMiROT_Boot/STM32CubeIDE/../../OEMiROT_Boot/map.properties --vb
Sat Aug 29 22:52:01 2026 : [INF] open file (/home/rajas/workspace/OEMiROT/OEMiROT_Boot/STM32CubeIDE/../../OEMiROT_Boot/map.properties)
Sat Aug 29 22:52:01 2026 : [INF] open file (/home/rajas/workspace/OEMiROT/OEMiROT_Boot/STM32CubeIDE/image_macros_preprocessed_bl2.c)
Sat Aug 29 22:52:01 2026 : [INF] Opening the '/home/rajas/workspace/OEMiROT/OEMiROT_Boot/STM32CubeIDE/image_macros_preprocessed_bl2.c' file
Sat Aug 29 22:52:01 2026 : [INF] The value computed for 'RE_FLASH_AREA_SCRATCH_OFFSET' is '0x18000'
Sat Aug 29 22:52:01 2026 : [INF] Value to be used 0x18000
Sat Aug 29 22:52:01 2026 : [INF] File to update '/home/rajas/workspace/OEMiROT/OEMiROT_Boot/STM32CubeIDE/../../OEMiROT_Boot/map.properties'
Sat Aug 29 22:52:01 2026 : [INF] The modification is not necessary
Sat Aug 29 22:52:01 2026 : [INF] The variable has already the correct value (0x18000)
Sat Aug 29 22:52:01 2026 : [INF] Script variable "SCRATCH_REGION_START" is updated with value "0x18000"
Sat Aug 29 22:52:01 2026 : [INF] Saving file modification
Sat Aug 29 22:52:02 2026 : [INF] ############## Executing flash command ##############
Sat Aug 29 22:52:02 2026 : [INF] /home/rajas/STM32Cube/Repository/STM32Cube_FW_H5_V1.7.0/Utilities/PC_Software/ROT_AppliConfig/AppliCfg.py flash --layout /home/rajas/workspace/OEMiROT/OEMiROT_Boot/STM32CubeIDE/image_macros_preprocessed_bl2.c -b SCRATCH_REGION_SIZE -m RE_FLASH_AREA_SCRATCH_SIZE /home/rajas/workspace/OEMiROT/OEMiROT_Boot/STM32CubeIDE/../../OEMiROT_Boot/map.properties --vb
Sat Aug 29 22:52:02 2026 : [INF] open file (/home/rajas/workspace/OEMiROT/OEMiROT_Boot/STM32CubeIDE/../../OEMiROT_Boot/map.properties)
Sat Aug 29 22:52:02 2026 : [INF] open file (/home/rajas/workspace/OEMiROT/OEMiROT_Boot/STM32CubeIDE/image_macros_preprocessed_bl2.c)
Sat Aug 29 22:52:02 2026 : [INF] Opening the '/home/rajas/workspace/OEMiROT/OEMiROT_Boot/STM32CubeIDE/image_macros_preprocessed_bl2.c' file
Sat Aug 29 22:52:02 2026 : [INF] The value computed for 'RE_FLASH_AREA_SCRATCH_SIZE' is '0x10000'
Sat Aug 29 22:52:02 2026 : [INF] Value to be used 0x10000
Sat Aug 29 22:52:02 2026 : [INF] File to update '/home/rajas/workspace/OEMiROT/OEMiROT_Boot/STM32CubeIDE/../../OEMiROT_Boot/map.properties'
Sat Aug 29 22:52:02 2026 : [INF] The modification is not necessary
Sat Aug 29 22:52:02 2026 : [INF] The variable has already the correct value (0x10000)
Sat Aug 29 22:52:02 2026 : [INF] Script variable "SCRATCH_REGION_SIZE" is updated with value "0x10000"
Sat Aug 29 22:52:02 2026 : [INF] Saving file modification
Sat Aug 29 22:52:02 2026 : [INF] ############## Executing flash command ##############
Sat Aug 29 22:52:02 2026 : [INF] /home/rajas/STM32Cube/Repository/STM32Cube_FW_H5_V1.7.0/Utilities/PC_Software/ROT_AppliConfig/AppliCfg.py flash --layout /home/rajas/workspace/OEMiROT/OEMiROT_Boot/STM32CubeIDE/image_macros_preprocessed_bl2.c -b DOWNLOAD_S_CODE_REGION_START -m RE_AREA_2_OFFSET /home/rajas/workspace/OEMiROT/OEMiROT_Boot/STM32CubeIDE/../../OEMiROT_Boot/map.properties --vb
Sat Aug 29 22:52:02 2026 : [INF] open file (/home/rajas/workspace/OEMiROT/OEMiROT_Boot/STM32CubeIDE/../../OEMiROT_Boot/map.properties)
Sat Aug 29 22:52:02 2026 : [INF] open file (/home/rajas/workspace/OEMiROT/OEMiROT_Boot/STM32CubeIDE/image_macros_preprocessed_bl2.c)
Sat Aug 29 22:52:02 2026 : [INF] Opening the '/home/rajas/workspace/OEMiROT/OEMiROT_Boot/STM32CubeIDE/image_macros_preprocessed_bl2.c' file
Sat Aug 29 22:52:02 2026 : [INF] The value computed for 'RE_AREA_2_OFFSET' is '0xd2000'
Sat Aug 29 22:52:02 2026 : [INF] Value to be used 0xD2000
Sat Aug 29 22:52:02 2026 : [INF] File to update '/home/rajas/workspace/OEMiROT/OEMiROT_Boot/STM32CubeIDE/../../OEMiROT_Boot/map.properties'
Sat Aug 29 22:52:02 2026 : [INF] The modification is not necessary
Sat Aug 29 22:52:02 2026 : [INF] The variable has already the correct value (0xD2000)
Sat Aug 29 22:52:02 2026 : [INF] Script variable "DOWNLOAD_S_CODE_REGION_START" is updated with value "0xD2000"
Sat Aug 29 22:52:02 2026 : [INF] Saving file modification
Sat Aug 29 22:52:02 2026 : [INF] ############## Executing flash command ##############
Sat Aug 29 22:52:02 2026 : [INF] /home/rajas/STM32Cube/Repository/STM32Cube_FW_H5_V1.7.0/Utilities/PC_Software/ROT_AppliConfig/AppliCfg.py flash --layout /home/rajas/workspace/OEMiROT/OEMiROT_Boot/STM32CubeIDE/image_macros_preprocessed_bl2.c -b DOWNLOAD_NS_CODE_REGION_START -m RE_AREA_3_OFFSET /home/rajas/workspace/OEMiROT/OEMiROT_Boot/STM32CubeIDE/../../OEMiROT_Boot/map.properties --vb
Sat Aug 29 22:52:02 2026 : [INF] open file (/home/rajas/workspace/OEMiROT/OEMiROT_Boot/STM32CubeIDE/../../OEMiROT_Boot/map.properties)
Sat Aug 29 22:52:02 2026 : [INF] open file (/home/rajas/workspace/OEMiROT/OEMiROT_Boot/STM32CubeIDE/image_macros_preprocessed_bl2.c)
Sat Aug 29 22:52:02 2026 : [INF] Opening the '/home/rajas/workspace/OEMiROT/OEMiROT_Boot/STM32CubeIDE/image_macros_preprocessed_bl2.c' file
Sat Aug 29 22:52:02 2026 : [INF] The value computed for 'RE_AREA_3_OFFSET' is '0xd8000'
Sat Aug 29 22:52:02 2026 : [INF] Value to be used 0xD8000
Sat Aug 29 22:52:02 2026 : [INF] File to update '/home/rajas/workspace/OEMiROT/OEMiROT_Boot/STM32CubeIDE/../../OEMiROT_Boot/map.properties'
Sat Aug 29 22:52:02 2026 : [INF] The modification is not necessary
Sat Aug 29 22:52:02 2026 : [INF] The variable has already the correct value (0xD8000)
Sat Aug 29 22:52:02 2026 : [INF] Script variable "DOWNLOAD_NS_CODE_REGION_START" is updated with value "0xD8000"
Sat Aug 29 22:52:02 2026 : [INF] Saving file modification
Sat Aug 29 22:52:02 2026 : [INF] ############## Executing flash command ##############
Sat Aug 29 22:52:02 2026 : [INF] /home/rajas/STM32Cube/Repository/STM32Cube_FW_H5_V1.7.0/Utilities/PC_Software/ROT_AppliConfig/AppliCfg.py flash --layout /home/rajas/workspace/OEMiROT/OEMiROT_Boot/STM32CubeIDE/image_macros_preprocessed_bl2.c -b DOWNLOAD_S_DATA_REGION_START -m RE_AREA_6_OFFSET /home/rajas/workspace/OEMiROT/OEMiROT_Boot/STM32CubeIDE/../../OEMiROT_Boot/map.properties --vb
Sat Aug 29 22:52:02 2026 : [INF] open file (/home/rajas/workspace/OEMiROT/OEMiROT_Boot/STM32CubeIDE/../../OEMiROT_Boot/map.properties)
Sat Aug 29 22:52:02 2026 : [INF] open file (/home/rajas/workspace/OEMiROT/OEMiROT_Boot/STM32CubeIDE/image_macros_preprocessed_bl2.c)
Sat Aug 29 22:52:02 2026 : [INF] Opening the '/home/rajas/workspace/OEMiROT/OEMiROT_Boot/STM32CubeIDE/image_macros_preprocessed_bl2.c' file
Sat Aug 29 22:52:02 2026 : [INF] The value computed for 'RE_AREA_6_OFFSET' is '0x178000'
Sat Aug 29 22:52:02 2026 : [INF] Value to be used 0x178000
Sat Aug 29 22:52:02 2026 : [INF] File to update '/home/rajas/workspace/OEMiROT/OEMiROT_Boot/STM32CubeIDE/../../OEMiROT_Boot/map.properties'
Sat Aug 29 22:52:02 2026 : [INF] The modification is not necessary
Sat Aug 29 22:52:02 2026 : [INF] The variable has already the correct value (0x178000)
Sat Aug 29 22:52:02 2026 : [INF] Script variable "DOWNLOAD_S_DATA_REGION_START" is updated with value "0x178000"
Sat Aug 29 22:52:02 2026 : [INF] Saving file modification
Sat Aug 29 22:52:02 2026 : [INF] ############## Executing flash command ##############
Sat Aug 29 22:52:02 2026 : [INF] /home/rajas/STM32Cube/Repository/STM32Cube_FW_H5_V1.7.0/Utilities/PC_Software/ROT_AppliConfig/AppliCfg.py flash --layout /home/rajas/workspace/OEMiROT/OEMiROT_Boot/STM32CubeIDE/image_macros_preprocessed_bl2.c -b DOWNLOAD_NS_DATA_REGION_START -m RE_AREA_7_OFFSET /home/rajas/workspace/OEMiROT/OEMiROT_Boot/STM32CubeIDE/../../OEMiROT_Boot/map.properties --vb
Sat Aug 29 22:52:02 2026 : [INF] open file (/home/rajas/workspace/OEMiROT/OEMiROT_Boot/STM32CubeIDE/../../OEMiROT_Boot/map.properties)
Sat Aug 29 22:52:02 2026 : [INF] open file (/home/rajas/workspace/OEMiROT/OEMiROT_Boot/STM32CubeIDE/image_macros_preprocessed_bl2.c)
Sat Aug 29 22:52:02 2026 : [INF] Opening the '/home/rajas/workspace/OEMiROT/OEMiROT_Boot/STM32CubeIDE/image_macros_preprocessed_bl2.c' file
Sat Aug 29 22:52:02 2026 : [INF] The value computed for 'RE_AREA_7_OFFSET' is '0x17a000'
Sat Aug 29 22:52:02 2026 : [INF] Value to be used 0x17A000
Sat Aug 29 22:52:02 2026 : [INF] File to update '/home/rajas/workspace/OEMiROT/OEMiROT_Boot/STM32CubeIDE/../../OEMiROT_Boot/map.properties'
Sat Aug 29 22:52:02 2026 : [INF] The modification is not necessary
Sat Aug 29 22:52:02 2026 : [INF] The variable has already the correct value (0x17A000)
Sat Aug 29 22:52:02 2026 : [INF] Script variable "DOWNLOAD_NS_DATA_REGION_START" is updated with value "0x17A000"
Sat Aug 29 22:52:02 2026 : [INF] Saving file modification
Sat Aug 29 22:52:02 2026 : [INF] ############## Executing flash command ##############
Sat Aug 29 22:52:02 2026 : [INF] /home/rajas/STM32Cube/Repository/STM32Cube_FW_H5_V1.7.0/Utilities/PC_Software/ROT_AppliConfig/AppliCfg.py flash --layout /home/rajas/workspace/OEMiROT/OEMiROT_Boot/STM32CubeIDE/image_macros_preprocessed_bl2.c -b bootob -m RE_BL2_BOOT_ADDRESS -d 0x100 /home/rajas/workspace/OEMiROT/OEMiROT_Boot/STM32CubeIDE/../../OEMiROT_Appli_TrustZone/ROT_Provisioning/OEMiROT/ob_flash_programming.sh --vb
Sat Aug 29 22:52:02 2026 : [INF] open file (/home/rajas/workspace/OEMiROT/OEMiROT_Boot/STM32CubeIDE/../../OEMiROT_Appli_TrustZone/ROT_Provisioning/OEMiROT/ob_flash_programming.sh)
Sat Aug 29 22:52:02 2026 : [INF] open file (/home/rajas/workspace/OEMiROT/OEMiROT_Boot/STM32CubeIDE/image_macros_preprocessed_bl2.c)
Sat Aug 29 22:52:02 2026 : [INF] Opening the '/home/rajas/workspace/OEMiROT/OEMiROT_Boot/STM32CubeIDE/image_macros_preprocessed_bl2.c' file
Sat Aug 29 22:52:02 2026 : [INF] The value computed for 'RE_BL2_BOOT_ADDRESS' is '0xc000000'
Sat Aug 29 22:52:02 2026 : [INF] The value computed will by divided by '256'.The new value is '0xC0000'
Sat Aug 29 22:52:02 2026 : [INF] Value to be used 0xC0000
Sat Aug 29 22:52:02 2026 : [INF] File to update '/home/rajas/workspace/OEMiROT/OEMiROT_Boot/STM32CubeIDE/../../OEMiROT_Appli_TrustZone/ROT_Provisioning/OEMiROT/ob_flash_programming.sh'
Sat Aug 29 22:52:02 2026 : [INF] The modification is not necessary
Sat Aug 29 22:52:02 2026 : [INF] The variable has already the correct value (0xC0000)
Sat Aug 29 22:52:02 2026 : [INF] Script variable "bootob" is updated with value "0xC0000"
Sat Aug 29 22:52:02 2026 : [INF] Saving file modification
Sat Aug 29 22:52:02 2026 : [INF] ############## Executing flash command ##############
Sat Aug 29 22:52:02 2026 : [INF] /home/rajas/STM32Cube/Repository/STM32Cube_FW_H5_V1.7.0/Utilities/PC_Software/ROT_AppliConfig/AppliCfg.py flash --layout /home/rajas/workspace/OEMiROT/OEMiROT_Boot/STM32CubeIDE/image_macros_preprocessed_bl2.c -b bootaddress -m RE_BL2_BOOT_ADDRESS /home/rajas/workspace/OEMiROT/OEMiROT_Boot/STM32CubeIDE/../../OEMiROT_Appli_TrustZone/ROT_Provisioning/OEMiROT/ob_flash_programming.sh --vb
Sat Aug 29 22:52:02 2026 : [INF] open file (/home/rajas/workspace/OEMiROT/OEMiROT_Boot/STM32CubeIDE/../../OEMiROT_Appli_TrustZone/ROT_Provisioning/OEMiROT/ob_flash_programming.sh)
Sat Aug 29 22:52:02 2026 : [INF] open file (/home/rajas/workspace/OEMiROT/OEMiROT_Boot/STM32CubeIDE/image_macros_preprocessed_bl2.c)
Sat Aug 29 22:52:02 2026 : [INF] Opening the '/home/rajas/workspace/OEMiROT/OEMiROT_Boot/STM32CubeIDE/image_macros_preprocessed_bl2.c' file
Sat Aug 29 22:52:02 2026 : [INF] The value computed for 'RE_BL2_BOOT_ADDRESS' is '0xc000000'
Sat Aug 29 22:52:02 2026 : [INF] Value to be used 0xC000000
Sat Aug 29 22:52:02 2026 : [INF] File to update '/home/rajas/workspace/OEMiROT/OEMiROT_Boot/STM32CubeIDE/../../OEMiROT_Appli_TrustZone/ROT_Provisioning/OEMiROT/ob_flash_programming.sh'
Sat Aug 29 22:52:02 2026 : [INF] The modification is not necessary
Sat Aug 29 22:52:02 2026 : [INF] The variable has already the correct value (0xC000000)
Sat Aug 29 22:52:02 2026 : [INF] Script variable "bootaddress" is updated with value "0xC000000"
Sat Aug 29 22:52:02 2026 : [INF] Saving file modification
Sat Aug 29 22:52:02 2026 : [INF] ############## Executing flash command ##############
Sat Aug 29 22:52:02 2026 : [INF] /home/rajas/STM32Cube/Repository/STM32Cube_FW_H5_V1.7.0/Utilities/PC_Software/ROT_AppliConfig/AppliCfg.py flash --layout /home/rajas/workspace/OEMiROT/OEMiROT_Boot/STM32CubeIDE/image_macros_preprocessed_bl2.c -b loaderaddress -m RE_IMAGE_FLASH_LOADER_ADDRESS /home/rajas/workspace/OEMiROT/OEMiROT_Boot/STM32CubeIDE/../../OEMiROT_Appli_TrustZone/ROT_Provisioning/OEMiROT/ob_flash_programming.sh --vb
Sat Aug 29 22:52:02 2026 : [INF] open file (/home/rajas/workspace/OEMiROT/OEMiROT_Boot/STM32CubeIDE/../../OEMiROT_Appli_TrustZone/ROT_Provisioning/OEMiROT/ob_flash_programming.sh)
Sat Aug 29 22:52:02 2026 : [INF] open file (/home/rajas/workspace/OEMiROT/OEMiROT_Boot/STM32CubeIDE/image_macros_preprocessed_bl2.c)
Sat Aug 29 22:52:02 2026 : [INF] Opening the '/home/rajas/workspace/OEMiROT/OEMiROT_Boot/STM32CubeIDE/image_macros_preprocessed_bl2.c' file
Sat Aug 29 22:52:02 2026 : [INF] The value computed for 'RE_IMAGE_FLASH_LOADER_ADDRESS' is '0x0'
Sat Aug 29 22:52:02 2026 : [INF] Value to be used 0x0
Sat Aug 29 22:52:02 2026 : [INF] File to update '/home/rajas/workspace/OEMiROT/OEMiROT_Boot/STM32CubeIDE/../../OEMiROT_Appli_TrustZone/ROT_Provisioning/OEMiROT/ob_flash_programming.sh'
Sat Aug 29 22:52:02 2026 : [INF] The modification is not necessary
Sat Aug 29 22:52:02 2026 : [INF] The variable has already the correct value (0x0)
Sat Aug 29 22:52:02 2026 : [INF] Script variable "loaderaddress" is updated with value "0x0"
Sat Aug 29 22:52:02 2026 : [INF] Saving file modification
Sat Aug 29 22:52:02 2026 : [INF] ############## Executing flash command ##############
Sat Aug 29 22:52:02 2026 : [INF] /home/rajas/STM32Cube/Repository/STM32Cube_FW_H5_V1.7.0/Utilities/PC_Software/ROT_AppliConfig/AppliCfg.py flash --layout /home/rajas/workspace/OEMiROT/OEMiROT_Boot/STM32CubeIDE/image_macros_preprocessed_bl2.c -b sec1_end -m RE_BL2_SEC1_END -d 0x2000 /home/rajas/workspace/OEMiROT/OEMiROT_Boot/STM32CubeIDE/../../OEMiROT_Appli_TrustZone/ROT_Provisioning/OEMiROT/ob_flash_programming.sh --vb
Sat Aug 29 22:52:02 2026 : [INF] open file (/home/rajas/workspace/OEMiROT/OEMiROT_Boot/STM32CubeIDE/../../OEMiROT_Appli_TrustZone/ROT_Provisioning/OEMiROT/ob_flash_programming.sh)
Sat Aug 29 22:52:02 2026 : [INF] open file (/home/rajas/workspace/OEMiROT/OEMiROT_Boot/STM32CubeIDE/image_macros_preprocessed_bl2.c)
Sat Aug 29 22:52:02 2026 : [INF] Opening the '/home/rajas/workspace/OEMiROT/OEMiROT_Boot/STM32CubeIDE/image_macros_preprocessed_bl2.c' file
Sat Aug 29 22:52:02 2026 : [INF] The value computed for 'RE_BL2_SEC1_END' is '0x2ffff'
Sat Aug 29 22:52:02 2026 : [INF] The value computed will by divided by '8192'.The new value is '0x17'
Sat Aug 29 22:52:02 2026 : [INF] Value to be used 0x17
Sat Aug 29 22:52:02 2026 : [INF] File to update '/home/rajas/workspace/OEMiROT/OEMiROT_Boot/STM32CubeIDE/../../OEMiROT_Appli_TrustZone/ROT_Provisioning/OEMiROT/ob_flash_programming.sh'
Sat Aug 29 22:52:02 2026 : [INF] The modification is not necessary
Sat Aug 29 22:52:02 2026 : [INF] The variable has already the correct value (0x17)
Sat Aug 29 22:52:02 2026 : [INF] Script variable "sec1_end" is updated with value "0x17"
Sat Aug 29 22:52:02 2026 : [INF] Saving file modification
Sat Aug 29 22:52:02 2026 : [INF] ############## Executing flash command ##############
Sat Aug 29 22:52:02 2026 : [INF] /home/rajas/STM32Cube/Repository/STM32Cube_FW_H5_V1.7.0/Utilities/PC_Software/ROT_AppliConfig/AppliCfg.py flash --layout /home/rajas/workspace/OEMiROT/OEMiROT_Boot/STM32CubeIDE/image_macros_preprocessed_bl2.c -b sec2_start -m RE_BL2_SEC2_START -d 0x2000 /home/rajas/workspace/OEMiROT/OEMiROT_Boot/STM32CubeIDE/../../OEMiROT_Appli_TrustZone/ROT_Provisioning/OEMiROT/ob_flash_programming.sh --vb
Sat Aug 29 22:52:02 2026 : [INF] open file (/home/rajas/workspace/OEMiROT/OEMiROT_Boot/STM32CubeIDE/../../OEMiROT_Appli_TrustZone/ROT_Provisioning/OEMiROT/ob_flash_programming.sh)
Sat Aug 29 22:52:02 2026 : [INF] open file (/home/rajas/workspace/OEMiROT/OEMiROT_Boot/STM32CubeIDE/image_macros_preprocessed_bl2.c)
Sat Aug 29 22:52:02 2026 : [INF] Opening the '/home/rajas/workspace/OEMiROT/OEMiROT_Boot/STM32CubeIDE/image_macros_preprocessed_bl2.c' file
Sat Aug 29 22:52:02 2026 : [INF] The value computed for 'RE_BL2_SEC2_START' is '0xfffff'
Sat Aug 29 22:52:02 2026 : [INF] The value computed will by divided by '8192'.The new value is '0x7F'
Sat Aug 29 22:52:02 2026 : [INF] Value to be used 0x7F
Sat Aug 29 22:52:02 2026 : [INF] File to update '/home/rajas/workspace/OEMiROT/OEMiROT_Boot/STM32CubeIDE/../../OEMiROT_Appli_TrustZone/ROT_Provisioning/OEMiROT/ob_flash_programming.sh'
Sat Aug 29 22:52:02 2026 : [INF] The modification is not necessary
Sat Aug 29 22:52:02 2026 : [INF] The variable has already the correct value (0x7F)
Sat Aug 29 22:52:02 2026 : [INF] Script variable "sec2_start" is updated with value "0x7F"
Sat Aug 29 22:52:02 2026 : [INF] Saving file modification
Sat Aug 29 22:52:02 2026 : [INF] ############## Executing flash command ##############
Sat Aug 29 22:52:02 2026 : [INF] /home/rajas/STM32Cube/Repository/STM32Cube_FW_H5_V1.7.0/Utilities/PC_Software/ROT_AppliConfig/AppliCfg.py flash --layout /home/rajas/workspace/OEMiROT/OEMiROT_Boot/STM32CubeIDE/image_macros_preprocessed_bl2.c -b sec2_end -m RE_BL2_SEC2_END -d 0x2000 /home/rajas/workspace/OEMiROT/OEMiROT_Boot/STM32CubeIDE/../../OEMiROT_Appli_TrustZone/ROT_Provisioning/OEMiROT/ob_flash_programming.sh --vb
Sat Aug 29 22:52:02 2026 : [INF] open file (/home/rajas/workspace/OEMiROT/OEMiROT_Boot/STM32CubeIDE/../../OEMiROT_Appli_TrustZone/ROT_Provisioning/OEMiROT/ob_flash_programming.sh)
Sat Aug 29 22:52:02 2026 : [INF] open file (/home/rajas/workspace/OEMiROT/OEMiROT_Boot/STM32CubeIDE/image_macros_preprocessed_bl2.c)
Sat Aug 29 22:52:02 2026 : [INF] Opening the '/home/rajas/workspace/OEMiROT/OEMiROT_Boot/STM32CubeIDE/image_macros_preprocessed_bl2.c' file
Sat Aug 29 22:52:02 2026 : [INF] The value computed for 'RE_BL2_SEC2_END' is '0x0'
Sat Aug 29 22:52:02 2026 : [INF] The value computed will by divided by '8192'.The new value is '0x0'
Sat Aug 29 22:52:02 2026 : [INF] Value to be used 0x0
Sat Aug 29 22:52:02 2026 : [INF] File to update '/home/rajas/workspace/OEMiROT/OEMiROT_Boot/STM32CubeIDE/../../OEMiROT_Appli_TrustZone/ROT_Provisioning/OEMiROT/ob_flash_programming.sh'
Sat Aug 29 22:52:02 2026 : [INF] The modification is not necessary
Sat Aug 29 22:52:02 2026 : [INF] The variable has already the correct value (0x0)
Sat Aug 29 22:52:02 2026 : [INF] Script variable "sec2_end" is updated with value "0x0"
Sat Aug 29 22:52:02 2026 : [INF] Saving file modification
Sat Aug 29 22:52:02 2026 : [INF] ############## Executing setob command ##############
Sat Aug 29 22:52:02 2026 : [INF] /home/rajas/STM32Cube/Repository/STM32Cube_FW_H5_V1.7.0/Utilities/PC_Software/ROT_AppliConfig/AppliCfg.py setob --layout /home/rajas/workspace/OEMiROT/OEMiROT_Boot/STM32CubeIDE/image_macros_preprocessed_bl2.c -b wrpgrp1 -ms RE_BL2_WRP_START -me RE_BL2_WRP_END -msec RE_FLASH_PAGE_NBR -d 0x8000 /home/rajas/workspace/OEMiROT/OEMiROT_Boot/STM32CubeIDE/../../OEMiROT_Appli_TrustZone/ROT_Provisioning/OEMiROT/ob_flash_programming.sh --vb
Sat Aug 29 22:52:02 2026 : [INF] open file (/home/rajas/workspace/OEMiROT/OEMiROT_Boot/STM32CubeIDE/../../OEMiROT_Appli_TrustZone/ROT_Provisioning/OEMiROT/ob_flash_programming.sh)
Sat Aug 29 22:52:02 2026 : [INF] Obtaining the input values to calculate the protection of 'wrpgrp1'
Sat Aug 29 22:52:02 2026 : [INF] open file (/home/rajas/workspace/OEMiROT/OEMiROT_Boot/STM32CubeIDE/image_macros_preprocessed_bl2.c)
Sat Aug 29 22:52:02 2026 : [INF] Opening the '/home/rajas/workspace/OEMiROT/OEMiROT_Boot/STM32CubeIDE/image_macros_preprocessed_bl2.c' file
Sat Aug 29 22:52:02 2026 : [INF] The value computed for 'RE_BL2_WRP_START' is '0x0'
Sat Aug 29 22:52:02 2026 : [INF] Opening the '/home/rajas/workspace/OEMiROT/OEMiROT_Boot/STM32CubeIDE/image_macros_preprocessed_bl2.c' file
Sat Aug 29 22:52:02 2026 : [INF] The value computed for 'RE_BL2_WRP_END' is '0x17fff'
Sat Aug 29 22:52:02 2026 : [INF] Opening the '/home/rajas/workspace/OEMiROT/OEMiROT_Boot/STM32CubeIDE/image_macros_preprocessed_bl2.c' file
Sat Aug 29 22:52:02 2026 : [INF] The value computed for 'RE_FLASH_PAGE_NBR' is '0x7f'
Sat Aug 29 22:52:02 2026 : [INF] File to update '/home/rajas/workspace/OEMiROT/OEMiROT_Boot/STM32CubeIDE/../../OEMiROT_Appli_TrustZone/ROT_Provisioning/OEMiROT/ob_flash_programming.sh'
Sat Aug 29 22:52:02 2026 : [INF] Computing the wrp protection. See the reference manual for more information
Sat Aug 29 22:52:02 2026 : [INF] File to update '/home/rajas/workspace/OEMiROT/OEMiROT_Boot/STM32CubeIDE/../../OEMiROT_Appli_TrustZone/ROT_Provisioning/OEMiROT/ob_flash_programming.sh'
Sat Aug 29 22:52:02 2026 : [INF] The modification is not necessary
Sat Aug 29 22:52:02 2026 : [INF] The variable has already the correct value (0xfffffff8)
Sat Aug 29 22:52:02 2026 : [INF] Protection variable "wrpgrp1" is updated with value "0xfffffff8"
Sat Aug 29 22:52:02 2026 : [INF] Saving file modification
Sat Aug 29 22:52:02 2026 : [INF] ############## Executing setob command ##############
Sat Aug 29 22:52:02 2026 : [INF] /home/rajas/STM32Cube/Repository/STM32Cube_FW_H5_V1.7.0/Utilities/PC_Software/ROT_AppliConfig/AppliCfg.py setob --layout /home/rajas/workspace/OEMiROT/OEMiROT_Boot/STM32CubeIDE/image_macros_preprocessed_bl2.c -b wrpgrp2 -ms RE_LOADER_WRP_START -me RE_LOADER_WRP_END -msec RE_FLASH_PAGE_NBR -d 0x8000 /home/rajas/workspace/OEMiROT/OEMiROT_Boot/STM32CubeIDE/../../OEMiROT_Appli_TrustZone/ROT_Provisioning/OEMiROT/ob_flash_programming.sh --vb
Sat Aug 29 22:52:02 2026 : [INF] open file (/home/rajas/workspace/OEMiROT/OEMiROT_Boot/STM32CubeIDE/../../OEMiROT_Appli_TrustZone/ROT_Provisioning/OEMiROT/ob_flash_programming.sh)
Sat Aug 29 22:52:02 2026 : [INF] Obtaining the input values to calculate the protection of 'wrpgrp2'
Sat Aug 29 22:52:02 2026 : [INF] open file (/home/rajas/workspace/OEMiROT/OEMiROT_Boot/STM32CubeIDE/image_macros_preprocessed_bl2.c)
Sat Aug 29 22:52:02 2026 : [INF] Opening the '/home/rajas/workspace/OEMiROT/OEMiROT_Boot/STM32CubeIDE/image_macros_preprocessed_bl2.c' file
Sat Aug 29 22:52:02 2026 : [INF] Macro variable (RE_LOADER_WRP_START) has no value in /home/rajas/workspace/OEMiROT/OEMiROT_Boot/STM32CubeIDE/image_macros_preprocessed_bl2.c
Sat Aug 29 22:52:02 2026 : [INF] Opening the '/home/rajas/workspace/OEMiROT/OEMiROT_Boot/STM32CubeIDE/image_macros_preprocessed_bl2.c' file
Sat Aug 29 22:52:02 2026 : [INF] Macro variable (RE_LOADER_WRP_END) has no value in /home/rajas/workspace/OEMiROT/OEMiROT_Boot/STM32CubeIDE/image_macros_preprocessed_bl2.c
Sat Aug 29 22:52:02 2026 : [INF] Opening the '/home/rajas/workspace/OEMiROT/OEMiROT_Boot/STM32CubeIDE/image_macros_preprocessed_bl2.c' file
Sat Aug 29 22:52:02 2026 : [INF] The value computed for 'RE_FLASH_PAGE_NBR' is '0x7f'
Sat Aug 29 22:52:02 2026 : [INF] File to update '/home/rajas/workspace/OEMiROT/OEMiROT_Boot/STM32CubeIDE/../../OEMiROT_Appli_TrustZone/ROT_Provisioning/OEMiROT/ob_flash_programming.sh'
Sat Aug 29 22:52:02 2026 : [INF] Computing the wrp protection. See the reference manual for more information
Sat Aug 29 22:52:02 2026 : [INF] File to update '/home/rajas/workspace/OEMiROT/OEMiROT_Boot/STM32CubeIDE/../../OEMiROT_Appli_TrustZone/ROT_Provisioning/OEMiROT/ob_flash_programming.sh'
Sat Aug 29 22:52:02 2026 : [INF] The modification is not necessary
Sat Aug 29 22:52:02 2026 : [INF] The variable has already the correct value (0xffffffff)
Sat Aug 29 22:52:02 2026 : [INF] Protection variable "wrpgrp2" is updated with value "0xffffffff"
Sat Aug 29 22:52:02 2026 : [INF] Saving file modification
Sat Aug 29 22:52:02 2026 : [INF] ############## Executing setob command ##############
Sat Aug 29 22:52:02 2026 : [INF] /home/rajas/STM32Cube/Repository/STM32Cube_FW_H5_V1.7.0/Utilities/PC_Software/ROT_AppliConfig/AppliCfg.py setob --layout /home/rajas/workspace/OEMiROT/OEMiROT_Boot/STM32CubeIDE/image_macros_preprocessed_bl2.c -b hdp1_end -ms RE_BL2_HDP_START -me RE_BL2_HDP_END -msec RE_FLASH_PAGE_NBR -d 0x2000 /home/rajas/workspace/OEMiROT/OEMiROT_Boot/STM32CubeIDE/../../OEMiROT_Appli_TrustZone/ROT_Provisioning/OEMiROT/ob_flash_programming.sh --vb
Sat Aug 29 22:52:02 2026 : [INF] open file (/home/rajas/workspace/OEMiROT/OEMiROT_Boot/STM32CubeIDE/../../OEMiROT_Appli_TrustZone/ROT_Provisioning/OEMiROT/ob_flash_programming.sh)
Sat Aug 29 22:52:02 2026 : [INF] Obtaining the input values to calculate the protection of 'hdp1_end'
Sat Aug 29 22:52:02 2026 : [INF] open file (/home/rajas/workspace/OEMiROT/OEMiROT_Boot/STM32CubeIDE/image_macros_preprocessed_bl2.c)
Sat Aug 29 22:52:02 2026 : [INF] Opening the '/home/rajas/workspace/OEMiROT/OEMiROT_Boot/STM32CubeIDE/image_macros_preprocessed_bl2.c' file
Sat Aug 29 22:52:02 2026 : [INF] The value computed for 'RE_BL2_HDP_START' is '0x0'
Sat Aug 29 22:52:02 2026 : [INF] Opening the '/home/rajas/workspace/OEMiROT/OEMiROT_Boot/STM32CubeIDE/image_macros_preprocessed_bl2.c' file
Sat Aug 29 22:52:02 2026 : [INF] The value computed for 'RE_BL2_HDP_END' is '0x27fff'
Sat Aug 29 22:52:02 2026 : [INF] Opening the '/home/rajas/workspace/OEMiROT/OEMiROT_Boot/STM32CubeIDE/image_macros_preprocessed_bl2.c' file
Sat Aug 29 22:52:02 2026 : [INF] The value computed for 'RE_FLASH_PAGE_NBR' is '0x7f'
Sat Aug 29 22:52:02 2026 : [INF] File to update '/home/rajas/workspace/OEMiROT/OEMiROT_Boot/STM32CubeIDE/../../OEMiROT_Appli_TrustZone/ROT_Provisioning/OEMiROT/ob_flash_programming.sh'
Sat Aug 29 22:52:02 2026 : [INF] Computing the hdp protection. See the reference manual for more information
Sat Aug 29 22:52:02 2026 : [INF] The modification is not necessary
Sat Aug 29 22:52:02 2026 : [INF] The variable has already the correct value (0x13)
Sat Aug 29 22:52:02 2026 : [INF] Protection variable "hdp1_end" is updated with value "0x13"
Sat Aug 29 22:52:02 2026 : [INF] Saving file modification
Sat Aug 29 22:52:02 2026 : [INF] ############## Executing setob command ##############
Sat Aug 29 22:52:02 2026 : [INF] /home/rajas/STM32Cube/Repository/STM32Cube_FW_H5_V1.7.0/Utilities/PC_Software/ROT_AppliConfig/AppliCfg.py setob --layout /home/rajas/workspace/OEMiROT/OEMiROT_Boot/STM32CubeIDE/image_macros_preprocessed_bl2.c -b hdp2_start -ms RE_BL2_HDP_START -me RE_BL2_HDP_END -msec RE_FLASH_PAGE_NBR -d 0x2000 /home/rajas/workspace/OEMiROT/OEMiROT_Boot/STM32CubeIDE/../../OEMiROT_Appli_TrustZone/ROT_Provisioning/OEMiROT/ob_flash_programming.sh --vb
Sat Aug 29 22:52:02 2026 : [INF] open file (/home/rajas/workspace/OEMiROT/OEMiROT_Boot/STM32CubeIDE/../../OEMiROT_Appli_TrustZone/ROT_Provisioning/OEMiROT/ob_flash_programming.sh)
Sat Aug 29 22:52:02 2026 : [INF] Obtaining the input values to calculate the protection of 'hdp2_start'
Sat Aug 29 22:52:02 2026 : [INF] open file (/home/rajas/workspace/OEMiROT/OEMiROT_Boot/STM32CubeIDE/image_macros_preprocessed_bl2.c)
Sat Aug 29 22:52:02 2026 : [INF] Opening the '/home/rajas/workspace/OEMiROT/OEMiROT_Boot/STM32CubeIDE/image_macros_preprocessed_bl2.c' file
Sat Aug 29 22:52:03 2026 : [INF] The value computed for 'RE_BL2_HDP_START' is '0x0'
Sat Aug 29 22:52:03 2026 : [INF] Opening the '/home/rajas/workspace/OEMiROT/OEMiROT_Boot/STM32CubeIDE/image_macros_preprocessed_bl2.c' file
Sat Aug 29 22:52:03 2026 : [INF] The value computed for 'RE_BL2_HDP_END' is '0x27fff'
Sat Aug 29 22:52:03 2026 : [INF] Opening the '/home/rajas/workspace/OEMiROT/OEMiROT_Boot/STM32CubeIDE/image_macros_preprocessed_bl2.c' file
Sat Aug 29 22:52:03 2026 : [INF] The value computed for 'RE_FLASH_PAGE_NBR' is '0x7f'
Sat Aug 29 22:52:03 2026 : [INF] File to update '/home/rajas/workspace/OEMiROT/OEMiROT_Boot/STM32CubeIDE/../../OEMiROT_Appli_TrustZone/ROT_Provisioning/OEMiROT/ob_flash_programming.sh'
Sat Aug 29 22:52:03 2026 : [INF] Computing the hdp protection. See the reference manual for more information
Sat Aug 29 22:52:03 2026 : [INF] The modification is not necessary
Sat Aug 29 22:52:03 2026 : [INF] The variable has already the correct value (0x7f)
Sat Aug 29 22:52:03 2026 : [INF] Protection variable "hdp2_start" is updated with value "0x7f"
Sat Aug 29 22:52:03 2026 : [INF] Saving file modification
Sat Aug 29 22:52:03 2026 : [INF] ############## Executing setob command ##############
Sat Aug 29 22:52:03 2026 : [INF] /home/rajas/STM32Cube/Repository/STM32Cube_FW_H5_V1.7.0/Utilities/PC_Software/ROT_AppliConfig/AppliCfg.py setob --layout /home/rajas/workspace/OEMiROT/OEMiROT_Boot/STM32CubeIDE/image_macros_preprocessed_bl2.c -b hdp2_end -ms RE_BL2_HDP_START -me RE_BL2_HDP_END -msec RE_FLASH_PAGE_NBR -d 0x2000 /home/rajas/workspace/OEMiROT/OEMiROT_Boot/STM32CubeIDE/../../OEMiROT_Appli_TrustZone/ROT_Provisioning/OEMiROT/ob_flash_programming.sh --vb
Sat Aug 29 22:52:03 2026 : [INF] open file (/home/rajas/workspace/OEMiROT/OEMiROT_Boot/STM32CubeIDE/../../OEMiROT_Appli_TrustZone/ROT_Provisioning/OEMiROT/ob_flash_programming.sh)
Sat Aug 29 22:52:03 2026 : [INF] Obtaining the input values to calculate the protection of 'hdp2_end'
Sat Aug 29 22:52:03 2026 : [INF] open file (/home/rajas/workspace/OEMiROT/OEMiROT_Boot/STM32CubeIDE/image_macros_preprocessed_bl2.c)
Sat Aug 29 22:52:03 2026 : [INF] Opening the '/home/rajas/workspace/OEMiROT/OEMiROT_Boot/STM32CubeIDE/image_macros_preprocessed_bl2.c' file
Sat Aug 29 22:52:03 2026 : [INF] The value computed for 'RE_BL2_HDP_START' is '0x0'
Sat Aug 29 22:52:03 2026 : [INF] Opening the '/home/rajas/workspace/OEMiROT/OEMiROT_Boot/STM32CubeIDE/image_macros_preprocessed_bl2.c' file
Sat Aug 29 22:52:03 2026 : [INF] The value computed for 'RE_BL2_HDP_END' is '0x27fff'
Sat Aug 29 22:52:03 2026 : [INF] Opening the '/home/rajas/workspace/OEMiROT/OEMiROT_Boot/STM32CubeIDE/image_macros_preprocessed_bl2.c' file
Sat Aug 29 22:52:03 2026 : [INF] The value computed for 'RE_FLASH_PAGE_NBR' is '0x7f'
Sat Aug 29 22:52:03 2026 : [INF] File to update '/home/rajas/workspace/OEMiROT/OEMiROT_Boot/STM32CubeIDE/../../OEMiROT_Appli_TrustZone/ROT_Provisioning/OEMiROT/ob_flash_programming.sh'
Sat Aug 29 22:52:03 2026 : [INF] Computing the hdp protection. See the reference manual for more information
Sat Aug 29 22:52:03 2026 : [INF] The modification is not necessary
Sat Aug 29 22:52:03 2026 : [INF] The variable has already the correct value (0x0)
Sat Aug 29 22:52:03 2026 : [INF] Protection variable "hdp2_end" is updated with value "0x0"
Sat Aug 29 22:52:03 2026 : [INF] Saving file modification
Sat Aug 29 22:52:03 2026 : [INF] ############## Executing flash command ##############
Sat Aug 29 22:52:03 2026 : [INF] /home/rajas/STM32Cube/Repository/STM32Cube_FW_H5_V1.7.0/Utilities/PC_Software/ROT_AppliConfig/AppliCfg.py flash --layout /home/rajas/workspace/OEMiROT/OEMiROT_Boot/STM32CubeIDE/image_macros_preprocessed_bl2.c -b s_data_image_number -m RE_S_DATA_IMAGE_NUMBER --decimal /home/rajas/workspace/OEMiROT/OEMiROT_Boot/STM32CubeIDE/../../OEMiROT_Appli_TrustZone/ROT_Provisioning/OEMiROT/ob_flash_programming.sh --vb
Sat Aug 29 22:52:03 2026 : [INF] open file (/home/rajas/workspace/OEMiROT/OEMiROT_Boot/STM32CubeIDE/../../OEMiROT_Appli_TrustZone/ROT_Provisioning/OEMiROT/ob_flash_programming.sh)
Sat Aug 29 22:52:03 2026 : [INF] open file (/home/rajas/workspace/OEMiROT/OEMiROT_Boot/STM32CubeIDE/image_macros_preprocessed_bl2.c)
Sat Aug 29 22:52:03 2026 : [INF] Opening the '/home/rajas/workspace/OEMiROT/OEMiROT_Boot/STM32CubeIDE/image_macros_preprocessed_bl2.c' file
Sat Aug 29 22:52:03 2026 : [INF] The value computed for 'RE_S_DATA_IMAGE_NUMBER' is '0x1'
Sat Aug 29 22:52:03 2026 : [INF] Value to be used 1
Sat Aug 29 22:52:03 2026 : [INF] File to update '/home/rajas/workspace/OEMiROT/OEMiROT_Boot/STM32CubeIDE/../../OEMiROT_Appli_TrustZone/ROT_Provisioning/OEMiROT/ob_flash_programming.sh'
Sat Aug 29 22:52:03 2026 : [INF] The modification is not necessary
Sat Aug 29 22:52:03 2026 : [INF] The variable has already the correct value (1)
Sat Aug 29 22:52:03 2026 : [INF] Script variable "s_data_image_number" is updated with value "1"
Sat Aug 29 22:52:03 2026 : [INF] Saving file modification
Sat Aug 29 22:52:03 2026 : [INF] ############## Executing flash command ##############
Sat Aug 29 22:52:03 2026 : [INF] /home/rajas/STM32Cube/Repository/STM32Cube_FW_H5_V1.7.0/Utilities/PC_Software/ROT_AppliConfig/AppliCfg.py flash --layout /home/rajas/workspace/OEMiROT/OEMiROT_Boot/STM32CubeIDE/image_macros_preprocessed_bl2.c -b ns_data_image_number -m RE_NS_DATA_IMAGE_NUMBER --decimal /home/rajas/workspace/OEMiROT/OEMiROT_Boot/STM32CubeIDE/../../OEMiROT_Appli_TrustZone/ROT_Provisioning/OEMiROT/ob_flash_programming.sh --vb
Sat Aug 29 22:52:03 2026 : [INF] open file (/home/rajas/workspace/OEMiROT/OEMiROT_Boot/STM32CubeIDE/../../OEMiROT_Appli_TrustZone/ROT_Provisioning/OEMiROT/ob_flash_programming.sh)
Sat Aug 29 22:52:03 2026 : [INF] open file (/home/rajas/workspace/OEMiROT/OEMiROT_Boot/STM32CubeIDE/image_macros_preprocessed_bl2.c)
Sat Aug 29 22:52:03 2026 : [INF] Opening the '/home/rajas/workspace/OEMiROT/OEMiROT_Boot/STM32CubeIDE/image_macros_preprocessed_bl2.c' file
Sat Aug 29 22:52:03 2026 : [INF] The value computed for 'RE_NS_DATA_IMAGE_NUMBER' is '0x1'
Sat Aug 29 22:52:03 2026 : [INF] Value to be used 1
Sat Aug 29 22:52:03 2026 : [INF] File to update '/home/rajas/workspace/OEMiROT/OEMiROT_Boot/STM32CubeIDE/../../OEMiROT_Appli_TrustZone/ROT_Provisioning/OEMiROT/ob_flash_programming.sh'
Sat Aug 29 22:52:03 2026 : [INF] The modification is not necessary
Sat Aug 29 22:52:03 2026 : [INF] The variable has already the correct value (1)
Sat Aug 29 22:52:03 2026 : [INF] Script variable "ns_data_image_number" is updated with value "1"
Sat Aug 29 22:52:03 2026 : [INF] Saving file modification
Sat Aug 29 22:52:03 2026 : [INF] ############## Executing flash command ##############
Sat Aug 29 22:52:03 2026 : [INF] /home/rajas/STM32Cube/Repository/STM32Cube_FW_H5_V1.7.0/Utilities/PC_Software/ROT_AppliConfig/AppliCfg.py flash --layout /home/rajas/workspace/OEMiROT/OEMiROT_Boot/STM32CubeIDE/image_macros_preprocessed_bl2.c -b app_image_number -m RE_APP_IMAGE_NUMBER --decimal ../../OEMiROT_Appli_TrustZone/ROT_Provisioning/postbuild.sh --vb
Sat Aug 29 22:52:03 2026 : [INF] open file (../../OEMiROT_Appli_TrustZone/ROT_Provisioning/postbuild.sh)
Sat Aug 29 22:52:03 2026 : [INF] open file (/home/rajas/workspace/OEMiROT/OEMiROT_Boot/STM32CubeIDE/image_macros_preprocessed_bl2.c)
Sat Aug 29 22:52:03 2026 : [INF] Opening the '/home/rajas/workspace/OEMiROT/OEMiROT_Boot/STM32CubeIDE/image_macros_preprocessed_bl2.c' file
Sat Aug 29 22:52:03 2026 : [INF] The value computed for 'RE_APP_IMAGE_NUMBER' is '0x2'
Sat Aug 29 22:52:03 2026 : [INF] Value to be used 2
Sat Aug 29 22:52:03 2026 : [INF] File to update '../../OEMiROT_Appli_TrustZone/ROT_Provisioning/postbuild.sh'
Sat Aug 29 22:52:03 2026 : [INF] The modification is not necessary
Sat Aug 29 22:52:03 2026 : [INF] The variable has already the correct value (2)
Sat Aug 29 22:52:03 2026 : [INF] Script variable "app_image_number" is updated with value "2"
Sat Aug 29 22:52:03 2026 : [INF] Saving file modification
Sat Aug 29 22:52:03 2026 : [INF] ############## Executing flash command ##############
Sat Aug 29 22:52:03 2026 : [INF] /home/rajas/STM32Cube/Repository/STM32Cube_FW_H5_V1.7.0/Utilities/PC_Software/ROT_AppliConfig/AppliCfg.py flash --layout /home/rajas/workspace/OEMiROT/OEMiROT_Boot/STM32CubeIDE/image_macros_preprocessed_bl2.c -b primary_only -m RE_PRIMARY_ONLY --decimal /home/rajas/workspace/OEMiROT/OEMiROT_Boot/STM32CubeIDE/../../OEMiROT_Appli_TrustZone/ROT_Provisioning/OEMiROT/ob_flash_programming.sh --vb
Sat Aug 29 22:52:03 2026 : [INF] open file (/home/rajas/workspace/OEMiROT/OEMiROT_Boot/STM32CubeIDE/../../OEMiROT_Appli_TrustZone/ROT_Provisioning/OEMiROT/ob_flash_programming.sh)
Sat Aug 29 22:52:03 2026 : [INF] open file (/home/rajas/workspace/OEMiROT/OEMiROT_Boot/STM32CubeIDE/image_macros_preprocessed_bl2.c)
Sat Aug 29 22:52:03 2026 : [INF] Opening the '/home/rajas/workspace/OEMiROT/OEMiROT_Boot/STM32CubeIDE/image_macros_preprocessed_bl2.c' file
Sat Aug 29 22:52:03 2026 : [INF] The value computed for 'RE_PRIMARY_ONLY' is '0x0'
Sat Aug 29 22:52:03 2026 : [INF] Value to be used 0
Sat Aug 29 22:52:03 2026 : [INF] File to update '/home/rajas/workspace/OEMiROT/OEMiROT_Boot/STM32CubeIDE/../../OEMiROT_Appli_TrustZone/ROT_Provisioning/OEMiROT/ob_flash_programming.sh'
Sat Aug 29 22:52:03 2026 : [INF] The modification is not necessary
Sat Aug 29 22:52:03 2026 : [INF] The variable has already the correct value (0)
Sat Aug 29 22:52:03 2026 : [INF] Script variable "primary_only" is updated with value "0"
Sat Aug 29 22:52:03 2026 : [INF] Saving file modification
Sat Aug 29 22:52:03 2026 : [INF] ############## Executing flash command ##############
Sat Aug 29 22:52:03 2026 : [INF] /home/rajas/STM32Cube/Repository/STM32Cube_FW_H5_V1.7.0/Utilities/PC_Software/ROT_AppliConfig/AppliCfg.py flash --layout /home/rajas/workspace/OEMiROT/OEMiROT_Boot/STM32CubeIDE/image_macros_preprocessed_bl2.c -b app_image_number -m RE_APP_IMAGE_NUMBER --decimal /home/rajas/workspace/OEMiROT/OEMiROT_Boot/STM32CubeIDE/../../OEMiROT_Appli_TrustZone/ROT_Provisioning/OEMiROT/ob_flash_programming.sh --vb
Sat Aug 29 22:52:03 2026 : [INF] open file (/home/rajas/workspace/OEMiROT/OEMiROT_Boot/STM32CubeIDE/../../OEMiROT_Appli_TrustZone/ROT_Provisioning/OEMiROT/ob_flash_programming.sh)
Sat Aug 29 22:52:03 2026 : [INF] open file (/home/rajas/workspace/OEMiROT/OEMiROT_Boot/STM32CubeIDE/image_macros_preprocessed_bl2.c)
Sat Aug 29 22:52:03 2026 : [INF] Opening the '/home/rajas/workspace/OEMiROT/OEMiROT_Boot/STM32CubeIDE/image_macros_preprocessed_bl2.c' file
Sat Aug 29 22:52:03 2026 : [INF] The value computed for 'RE_APP_IMAGE_NUMBER' is '0x2'
Sat Aug 29 22:52:03 2026 : [INF] Value to be used 2
Sat Aug 29 22:52:03 2026 : [INF] File to update '/home/rajas/workspace/OEMiROT/OEMiROT_Boot/STM32CubeIDE/../../OEMiROT_Appli_TrustZone/ROT_Provisioning/OEMiROT/ob_flash_programming.sh'
Sat Aug 29 22:52:03 2026 : [INF] The modification is not necessary
Sat Aug 29 22:52:03 2026 : [INF] The variable has already the correct value (2)
Sat Aug 29 22:52:03 2026 : [INF] Script variable "app_image_number" is updated with value "2"
Sat Aug 29 22:52:03 2026 : [INF] Saving file modification
Sat Aug 29 22:52:03 2026 : [INF] ############## Executing flash command ##############
Sat Aug 29 22:52:03 2026 : [INF] /home/rajas/STM32Cube/Repository/STM32Cube_FW_H5_V1.7.0/Utilities/PC_Software/ROT_AppliConfig/AppliCfg.py flash --layout /home/rajas/workspace/OEMiROT/OEMiROT_Boot/STM32CubeIDE/image_macros_preprocessed_bl2.c -b app_image_number -m RE_APP_IMAGE_NUMBER --decimal /home/rajas/workspace/OEMiROT/OEMiROT_Boot/STM32CubeIDE/../../OEMiROT_Appli_TrustZone/ROT_Provisioning/OEMiROT/img_config.sh --vb
Sat Aug 29 22:52:03 2026 : [INF] open file (/home/rajas/workspace/OEMiROT/OEMiROT_Boot/STM32CubeIDE/../../OEMiROT_Appli_TrustZone/ROT_Provisioning/OEMiROT/img_config.sh)
Sat Aug 29 22:52:03 2026 : [INF] open file (/home/rajas/workspace/OEMiROT/OEMiROT_Boot/STM32CubeIDE/image_macros_preprocessed_bl2.c)
Sat Aug 29 22:52:03 2026 : [INF] Opening the '/home/rajas/workspace/OEMiROT/OEMiROT_Boot/STM32CubeIDE/image_macros_preprocessed_bl2.c' file
Sat Aug 29 22:52:03 2026 : [INF] The value computed for 'RE_APP_IMAGE_NUMBER' is '0x2'
Sat Aug 29 22:52:03 2026 : [INF] Value to be used 2
Sat Aug 29 22:52:03 2026 : [INF] File to update '/home/rajas/workspace/OEMiROT/OEMiROT_Boot/STM32CubeIDE/../../OEMiROT_Appli_TrustZone/ROT_Provisioning/OEMiROT/img_config.sh'
Sat Aug 29 22:52:03 2026 : [INF] The modification is not necessary
Sat Aug 29 22:52:03 2026 : [INF] The variable has already the correct value (2)
Sat Aug 29 22:52:03 2026 : [INF] Script variable "app_image_number" is updated with value "2"
Sat Aug 29 22:52:03 2026 : [INF] Saving file modification
Sat Aug 29 22:52:03 2026 : [INF] ############## Executing flash command ##############
Sat Aug 29 22:52:03 2026 : [INF] /home/rajas/STM32Cube/Repository/STM32Cube_FW_H5_V1.7.0/Utilities/PC_Software/ROT_AppliConfig/AppliCfg.py flash --layout /home/rajas/workspace/OEMiROT/OEMiROT_Boot/STM32CubeIDE/image_macros_preprocessed_bl2.c -b s_data_image_number -m RE_S_DATA_IMAGE_NUMBER --decimal /home/rajas/workspace/OEMiROT/OEMiROT_Boot/STM32CubeIDE/../../OEMiROT_Appli_TrustZone/ROT_Provisioning/OEMiROT/img_config.sh --vb
Sat Aug 29 22:52:03 2026 : [INF] open file (/home/rajas/workspace/OEMiROT/OEMiROT_Boot/STM32CubeIDE/../../OEMiROT_Appli_TrustZone/ROT_Provisioning/OEMiROT/img_config.sh)
Sat Aug 29 22:52:03 2026 : [INF] open file (/home/rajas/workspace/OEMiROT/OEMiROT_Boot/STM32CubeIDE/image_macros_preprocessed_bl2.c)
Sat Aug 29 22:52:03 2026 : [INF] Opening the '/home/rajas/workspace/OEMiROT/OEMiROT_Boot/STM32CubeIDE/image_macros_preprocessed_bl2.c' file
Sat Aug 29 22:52:03 2026 : [INF] The value computed for 'RE_S_DATA_IMAGE_NUMBER' is '0x1'
Sat Aug 29 22:52:03 2026 : [INF] Value to be used 1
Sat Aug 29 22:52:03 2026 : [INF] File to update '/home/rajas/workspace/OEMiROT/OEMiROT_Boot/STM32CubeIDE/../../OEMiROT_Appli_TrustZone/ROT_Provisioning/OEMiROT/img_config.sh'
Sat Aug 29 22:52:03 2026 : [INF] The modification is not necessary
Sat Aug 29 22:52:03 2026 : [INF] The variable has already the correct value (1)
Sat Aug 29 22:52:03 2026 : [INF] Script variable "s_data_image_number" is updated with value "1"
Sat Aug 29 22:52:03 2026 : [INF] Saving file modification
Sat Aug 29 22:52:03 2026 : [INF] ############## Executing flash command ##############
Sat Aug 29 22:52:03 2026 : [INF] /home/rajas/STM32Cube/Repository/STM32Cube_FW_H5_V1.7.0/Utilities/PC_Software/ROT_AppliConfig/AppliCfg.py flash --layout /home/rajas/workspace/OEMiROT/OEMiROT_Boot/STM32CubeIDE/image_macros_preprocessed_bl2.c -b ns_data_image_number -m RE_NS_DATA_IMAGE_NUMBER --decimal /home/rajas/workspace/OEMiROT/OEMiROT_Boot/STM32CubeIDE/../../OEMiROT_Appli_TrustZone/ROT_Provisioning/OEMiROT/img_config.sh --vb
Sat Aug 29 22:52:03 2026 : [INF] open file (/home/rajas/workspace/OEMiROT/OEMiROT_Boot/STM32CubeIDE/../../OEMiROT_Appli_TrustZone/ROT_Provisioning/OEMiROT/img_config.sh)
Sat Aug 29 22:52:03 2026 : [INF] open file (/home/rajas/workspace/OEMiROT/OEMiROT_Boot/STM32CubeIDE/image_macros_preprocessed_bl2.c)
Sat Aug 29 22:52:03 2026 : [INF] Opening the '/home/rajas/workspace/OEMiROT/OEMiROT_Boot/STM32CubeIDE/image_macros_preprocessed_bl2.c' file
Sat Aug 29 22:52:03 2026 : [INF] The value computed for 'RE_NS_DATA_IMAGE_NUMBER' is '0x1'
Sat Aug 29 22:52:03 2026 : [INF] Value to be used 1
Sat Aug 29 22:52:03 2026 : [INF] File to update '/home/rajas/workspace/OEMiROT/OEMiROT_Boot/STM32CubeIDE/../../OEMiROT_Appli_TrustZone/ROT_Provisioning/OEMiROT/img_config.sh'
Sat Aug 29 22:52:03 2026 : [INF] The modification is not necessary
Sat Aug 29 22:52:03 2026 : [INF] The variable has already the correct value (1)
Sat Aug 29 22:52:03 2026 : [INF] Script variable "ns_data_image_number" is updated with value "1"
Sat Aug 29 22:52:03 2026 : [INF] Saving file modification
Sat Aug 29 22:52:03 2026 : [INF] ############## Executing flash command ##############
Sat Aug 29 22:52:03 2026 : [INF] /home/rajas/STM32Cube/Repository/STM32Cube_FW_H5_V1.7.0/Utilities/PC_Software/ROT_AppliConfig/AppliCfg.py flash --layout /home/rajas/workspace/OEMiROT/OEMiROT_Boot/STM32CubeIDE/image_macros_preprocessed_bl2.c -b primary_only -m RE_PRIMARY_ONLY --decimal /home/rajas/workspace/OEMiROT/OEMiROT_Boot/STM32CubeIDE/../../OEMiROT_Appli_TrustZone/ROT_Provisioning/OEMiROT/img_config.sh --vb
Sat Aug 29 22:52:03 2026 : [INF] open file (/home/rajas/workspace/OEMiROT/OEMiROT_Boot/STM32CubeIDE/../../OEMiROT_Appli_TrustZone/ROT_Provisioning/OEMiROT/img_config.sh)
Sat Aug 29 22:52:03 2026 : [INF] open file (/home/rajas/workspace/OEMiROT/OEMiROT_Boot/STM32CubeIDE/image_macros_preprocessed_bl2.c)
Sat Aug 29 22:52:03 2026 : [INF] Opening the '/home/rajas/workspace/OEMiROT/OEMiROT_Boot/STM32CubeIDE/image_macros_preprocessed_bl2.c' file
Sat Aug 29 22:52:03 2026 : [INF] The value computed for 'RE_PRIMARY_ONLY' is '0x0'
Sat Aug 29 22:52:03 2026 : [INF] Value to be used 0
Sat Aug 29 22:52:03 2026 : [INF] File to update '/home/rajas/workspace/OEMiROT/OEMiROT_Boot/STM32CubeIDE/../../OEMiROT_Appli_TrustZone/ROT_Provisioning/OEMiROT/img_config.sh'
Sat Aug 29 22:52:03 2026 : [INF] The modification is not necessary
Sat Aug 29 22:52:03 2026 : [INF] The variable has already the correct value (0)
Sat Aug 29 22:52:03 2026 : [INF] Script variable "primary_only" is updated with value "0"
Sat Aug 29 22:52:03 2026 : [INF] Saving file modification
Sat Aug 29 22:52:03 2026 : [INF] ############## Executing flash command ##############
Sat Aug 29 22:52:03 2026 : [INF] /home/rajas/STM32Cube/Repository/STM32Cube_FW_H5_V1.7.0/Utilities/PC_Software/ROT_AppliConfig/AppliCfg.py flash --layout /home/rajas/workspace/OEMiROT/OEMiROT_Boot/STM32CubeIDE/image_macros_preprocessed_bl2.c -b slot0 -m RE_IMAGE_FLASH_ADDRESS_SECURE /home/rajas/workspace/OEMiROT/OEMiROT_Boot/STM32CubeIDE/../../OEMiROT_Appli_TrustZone/ROT_Provisioning/OEMiROT/ob_flash_programming.sh --vb
Sat Aug 29 22:52:03 2026 : [INF] open file (/home/rajas/workspace/OEMiROT/OEMiROT_Boot/STM32CubeIDE/../../OEMiROT_Appli_TrustZone/ROT_Provisioning/OEMiROT/ob_flash_programming.sh)
Sat Aug 29 22:52:03 2026 : [INF] open file (/home/rajas/workspace/OEMiROT/OEMiROT_Boot/STM32CubeIDE/image_macros_preprocessed_bl2.c)
Sat Aug 29 22:52:03 2026 : [INF] Opening the '/home/rajas/workspace/OEMiROT/OEMiROT_Boot/STM32CubeIDE/image_macros_preprocessed_bl2.c' file
Sat Aug 29 22:52:03 2026 : [INF] The value computed for 'RE_IMAGE_FLASH_ADDRESS_SECURE' is '0x802a000'
Sat Aug 29 22:52:03 2026 : [INF] Value to be used 0x802A000
Sat Aug 29 22:52:03 2026 : [INF] File to update '/home/rajas/workspace/OEMiROT/OEMiROT_Boot/STM32CubeIDE/../../OEMiROT_Appli_TrustZone/ROT_Provisioning/OEMiROT/ob_flash_programming.sh'
Sat Aug 29 22:52:03 2026 : [INF] The modification is not necessary
Sat Aug 29 22:52:03 2026 : [INF] The variable has already the correct value (0x802A000)
Sat Aug 29 22:52:03 2026 : [INF] Script variable "slot0" is updated with value "0x802A000"
Sat Aug 29 22:52:03 2026 : [INF] Saving file modification
Sat Aug 29 22:52:03 2026 : [INF] ############## Executing flash command ##############
Sat Aug 29 22:52:03 2026 : [INF] /home/rajas/STM32Cube/Repository/STM32Cube_FW_H5_V1.7.0/Utilities/PC_Software/ROT_AppliConfig/AppliCfg.py flash --layout /home/rajas/workspace/OEMiROT/OEMiROT_Boot/STM32CubeIDE/image_macros_preprocessed_bl2.c -b slot1 -m RE_IMAGE_FLASH_ADDRESS_NON_SECURE /home/rajas/workspace/OEMiROT/OEMiROT_Boot/STM32CubeIDE/../../OEMiROT_Appli_TrustZone/ROT_Provisioning/OEMiROT/ob_flash_programming.sh --vb
Sat Aug 29 22:52:03 2026 : [INF] open file (/home/rajas/workspace/OEMiROT/OEMiROT_Boot/STM32CubeIDE/../../OEMiROT_Appli_TrustZone/ROT_Provisioning/OEMiROT/ob_flash_programming.sh)
Sat Aug 29 22:52:03 2026 : [INF] open file (/home/rajas/workspace/OEMiROT/OEMiROT_Boot/STM32CubeIDE/image_macros_preprocessed_bl2.c)
Sat Aug 29 22:52:03 2026 : [INF] Opening the '/home/rajas/workspace/OEMiROT/OEMiROT_Boot/STM32CubeIDE/image_macros_preprocessed_bl2.c' file
Sat Aug 29 22:52:04 2026 : [INF] The value computed for 'RE_IMAGE_FLASH_ADDRESS_NON_SECURE' is '0x8030000'
Sat Aug 29 22:52:04 2026 : [INF] Value to be used 0x8030000
Sat Aug 29 22:52:04 2026 : [INF] File to update '/home/rajas/workspace/OEMiROT/OEMiROT_Boot/STM32CubeIDE/../../OEMiROT_Appli_TrustZone/ROT_Provisioning/OEMiROT/ob_flash_programming.sh'
Sat Aug 29 22:52:04 2026 : [INF] The modification is not necessary
Sat Aug 29 22:52:04 2026 : [INF] The variable has already the correct value (0x8030000)
Sat Aug 29 22:52:04 2026 : [INF] Script variable "slot1" is updated with value "0x8030000"
Sat Aug 29 22:52:04 2026 : [INF] Saving file modification
Sat Aug 29 22:52:04 2026 : [INF] ############## Executing flash command ##############
Sat Aug 29 22:52:04 2026 : [INF] /home/rajas/STM32Cube/Repository/STM32Cube_FW_H5_V1.7.0/Utilities/PC_Software/ROT_AppliConfig/AppliCfg.py flash --layout /home/rajas/workspace/OEMiROT/OEMiROT_Boot/STM32CubeIDE/image_macros_preprocessed_bl2.c -b slot4 -m RE_IMAGE_FLASH_ADDRESS_DATA_SECURE /home/rajas/workspace/OEMiROT/OEMiROT_Boot/STM32CubeIDE/../../OEMiROT_Appli_TrustZone/ROT_Provisioning/OEMiROT/ob_flash_programming.sh --vb
Sat Aug 29 22:52:04 2026 : [INF] open file (/home/rajas/workspace/OEMiROT/OEMiROT_Boot/STM32CubeIDE/../../OEMiROT_Appli_TrustZone/ROT_Provisioning/OEMiROT/ob_flash_programming.sh)
Sat Aug 29 22:52:04 2026 : [INF] open file (/home/rajas/workspace/OEMiROT/OEMiROT_Boot/STM32CubeIDE/image_macros_preprocessed_bl2.c)
Sat Aug 29 22:52:04 2026 : [INF] Opening the '/home/rajas/workspace/OEMiROT/OEMiROT_Boot/STM32CubeIDE/image_macros_preprocessed_bl2.c' file
Sat Aug 29 22:52:04 2026 : [INF] The value computed for 'RE_IMAGE_FLASH_ADDRESS_DATA_SECURE' is '0x8028000'
Sat Aug 29 22:52:04 2026 : [INF] Value to be used 0x8028000
Sat Aug 29 22:52:04 2026 : [INF] File to update '/home/rajas/workspace/OEMiROT/OEMiROT_Boot/STM32CubeIDE/../../OEMiROT_Appli_TrustZone/ROT_Provisioning/OEMiROT/ob_flash_programming.sh'
Sat Aug 29 22:52:04 2026 : [INF] The modification is not necessary
Sat Aug 29 22:52:04 2026 : [INF] The variable has already the correct value (0x8028000)
Sat Aug 29 22:52:04 2026 : [INF] Script variable "slot4" is updated with value "0x8028000"
Sat Aug 29 22:52:04 2026 : [INF] Saving file modification
Sat Aug 29 22:52:04 2026 : [INF] ############## Executing flash command ##############
Sat Aug 29 22:52:04 2026 : [INF] /home/rajas/STM32Cube/Repository/STM32Cube_FW_H5_V1.7.0/Utilities/PC_Software/ROT_AppliConfig/AppliCfg.py flash --layout /home/rajas/workspace/OEMiROT/OEMiROT_Boot/STM32CubeIDE/image_macros_preprocessed_bl2.c -b slot5 -m RE_IMAGE_FLASH_ADDRESS_DATA_NON_SECURE /home/rajas/workspace/OEMiROT/OEMiROT_Boot/STM32CubeIDE/../../OEMiROT_Appli_TrustZone/ROT_Provisioning/OEMiROT/ob_flash_programming.sh --vb
Sat Aug 29 22:52:04 2026 : [INF] open file (/home/rajas/workspace/OEMiROT/OEMiROT_Boot/STM32CubeIDE/../../OEMiROT_Appli_TrustZone/ROT_Provisioning/OEMiROT/ob_flash_programming.sh)
Sat Aug 29 22:52:04 2026 : [INF] open file (/home/rajas/workspace/OEMiROT/OEMiROT_Boot/STM32CubeIDE/image_macros_preprocessed_bl2.c)
Sat Aug 29 22:52:04 2026 : [INF] Opening the '/home/rajas/workspace/OEMiROT/OEMiROT_Boot/STM32CubeIDE/image_macros_preprocessed_bl2.c' file
Sat Aug 29 22:52:04 2026 : [INF] The value computed for 'RE_IMAGE_FLASH_ADDRESS_DATA_NON_SECURE' is '0x80d0000'
Sat Aug 29 22:52:04 2026 : [INF] Value to be used 0x80D0000
Sat Aug 29 22:52:04 2026 : [INF] File to update '/home/rajas/workspace/OEMiROT/OEMiROT_Boot/STM32CubeIDE/../../OEMiROT_Appli_TrustZone/ROT_Provisioning/OEMiROT/ob_flash_programming.sh'
Sat Aug 29 22:52:04 2026 : [INF] The modification is not necessary
Sat Aug 29 22:52:04 2026 : [INF] The variable has already the correct value (0x80D0000)
Sat Aug 29 22:52:04 2026 : [INF] Script variable "slot5" is updated with value "0x80D0000"
Sat Aug 29 22:52:04 2026 : [INF] Saving file modification
Sat Aug 29 22:52:04 2026 : [INF] ############## Executing linker command ##############
Sat Aug 29 22:52:04 2026 : [INF] /home/rajas/STM32Cube/Repository/STM32Cube_FW_H5_V1.7.0/Utilities/PC_Software/ROT_AppliConfig/AppliCfg.py linker --layout /home/rajas/workspace/OEMiROT/OEMiROT_Boot/STM32CubeIDE/image_macros_preprocessed_bl2.c -m RE_AREA_0_OFFSET -n S_CODE_OFFSET ../../OEMiROT_Appli_TrustZone/Secure/STM32H563ZITX_FLASH.ld --vb
Sat Aug 29 22:52:04 2026 : [INF] open file (../../OEMiROT_Appli_TrustZone/Secure/STM32H563ZITX_FLASH.ld)
Sat Aug 29 22:52:04 2026 : [INF] open file (/home/rajas/workspace/OEMiROT/OEMiROT_Boot/STM32CubeIDE/image_macros_preprocessed_bl2.c)
Sat Aug 29 22:52:04 2026 : [INF] Opening the '/home/rajas/workspace/OEMiROT/OEMiROT_Boot/STM32CubeIDE/image_macros_preprocessed_bl2.c' file
Sat Aug 29 22:52:04 2026 : [INF] The value computed for 'RE_AREA_0_OFFSET' is '0x2a000'
Sat Aug 29 22:52:04 2026 : [INF] Value to be used 0x2a000
Sat Aug 29 22:52:04 2026 : [INF] File to update '../../OEMiROT_Appli_TrustZone/Secure/STM32H563ZITX_FLASH.ld'
Sat Aug 29 22:52:04 2026 : [INF] Linker variable "S_CODE_OFFSET"  is updated with value "0x2a000"
Sat Aug 29 22:52:04 2026 : [INF] The modification is not necessary
Sat Aug 29 22:52:04 2026 : [INF] The variable has already the correct value (0x2a000)
Sat Aug 29 22:52:04 2026 : [INF] Saving file modification
Sat Aug 29 22:52:04 2026 : [INF] ############## Executing linker command ##############
Sat Aug 29 22:52:04 2026 : [INF] /home/rajas/STM32Cube/Repository/STM32Cube_FW_H5_V1.7.0/Utilities/PC_Software/ROT_AppliConfig/AppliCfg.py linker --layout /home/rajas/workspace/OEMiROT/OEMiROT_Boot/STM32CubeIDE/image_macros_preprocessed_bl2.c -m RE_AREA_0_OFFSET -n S_CODE_OFFSET ../../OEMiROT_Appli_TrustZone/NonSecure/STM32H563ZITX_FLASH.ld --vb
Sat Aug 29 22:52:04 2026 : [INF] open file (../../OEMiROT_Appli_TrustZone/NonSecure/STM32H563ZITX_FLASH.ld)
Sat Aug 29 22:52:04 2026 : [INF] open file (/home/rajas/workspace/OEMiROT/OEMiROT_Boot/STM32CubeIDE/image_macros_preprocessed_bl2.c)
Sat Aug 29 22:52:04 2026 : [INF] Opening the '/home/rajas/workspace/OEMiROT/OEMiROT_Boot/STM32CubeIDE/image_macros_preprocessed_bl2.c' file
Sat Aug 29 22:52:04 2026 : [INF] The value computed for 'RE_AREA_0_OFFSET' is '0x2a000'
Sat Aug 29 22:52:04 2026 : [INF] Value to be used 0x2a000
Sat Aug 29 22:52:04 2026 : [INF] File to update '../../OEMiROT_Appli_TrustZone/NonSecure/STM32H563ZITX_FLASH.ld'
Sat Aug 29 22:52:04 2026 : [INF] Linker variable "S_CODE_OFFSET"  is updated with value "0x2a000"
Sat Aug 29 22:52:04 2026 : [INF] The modification is not necessary
Sat Aug 29 22:52:04 2026 : [INF] The variable has already the correct value (0x2a000)
Sat Aug 29 22:52:04 2026 : [INF] Saving file modification
Sat Aug 29 22:52:04 2026 : [INF] ############## Executing linker command ##############
Sat Aug 29 22:52:04 2026 : [INF] /home/rajas/STM32Cube/Repository/STM32Cube_FW_H5_V1.7.0/Utilities/PC_Software/ROT_AppliConfig/AppliCfg.py linker --layout /home/rajas/workspace/OEMiROT/OEMiROT_Boot/STM32CubeIDE/image_macros_preprocessed_bl2.c -m RE_IMAGE_FLASH_SECURE_IMAGE_SIZE -n S_CODE_SIZE ../../OEMiROT_Appli_TrustZone/Secure/STM32H563ZITX_FLASH.ld --vb
Sat Aug 29 22:52:04 2026 : [INF] open file (../../OEMiROT_Appli_TrustZone/Secure/STM32H563ZITX_FLASH.ld)
Sat Aug 29 22:52:04 2026 : [INF] open file (/home/rajas/workspace/OEMiROT/OEMiROT_Boot/STM32CubeIDE/image_macros_preprocessed_bl2.c)
Sat Aug 29 22:52:04 2026 : [INF] Opening the '/home/rajas/workspace/OEMiROT/OEMiROT_Boot/STM32CubeIDE/image_macros_preprocessed_bl2.c' file
Sat Aug 29 22:52:04 2026 : [INF] The value computed for 'RE_IMAGE_FLASH_SECURE_IMAGE_SIZE' is '0x6000'
Sat Aug 29 22:52:04 2026 : [INF] Value to be used 0x6000
Sat Aug 29 22:52:04 2026 : [INF] File to update '../../OEMiROT_Appli_TrustZone/Secure/STM32H563ZITX_FLASH.ld'
Sat Aug 29 22:52:04 2026 : [INF] Linker variable "S_CODE_SIZE"  is updated with value "0x6000"
Sat Aug 29 22:52:04 2026 : [INF] The modification is not necessary
Sat Aug 29 22:52:04 2026 : [INF] The variable has already the correct value (0x6000)
Sat Aug 29 22:52:04 2026 : [INF] Saving file modification
Sat Aug 29 22:52:04 2026 : [INF] ############## Executing linker command ##############
Sat Aug 29 22:52:04 2026 : [INF] /home/rajas/STM32Cube/Repository/STM32Cube_FW_H5_V1.7.0/Utilities/PC_Software/ROT_AppliConfig/AppliCfg.py linker --layout /home/rajas/workspace/OEMiROT/OEMiROT_Boot/STM32CubeIDE/image_macros_preprocessed_bl2.c -m RE_IMAGE_FLASH_SECURE_IMAGE_SIZE -n S_CODE_SIZE ../../OEMiROT_Appli_TrustZone/NonSecure/STM32H563ZITX_FLASH.ld --vb
Sat Aug 29 22:52:04 2026 : [INF] open file (../../OEMiROT_Appli_TrustZone/NonSecure/STM32H563ZITX_FLASH.ld)
Sat Aug 29 22:52:04 2026 : [INF] open file (/home/rajas/workspace/OEMiROT/OEMiROT_Boot/STM32CubeIDE/image_macros_preprocessed_bl2.c)
Sat Aug 29 22:52:04 2026 : [INF] Opening the '/home/rajas/workspace/OEMiROT/OEMiROT_Boot/STM32CubeIDE/image_macros_preprocessed_bl2.c' file
Sat Aug 29 22:52:04 2026 : [INF] The value computed for 'RE_IMAGE_FLASH_SECURE_IMAGE_SIZE' is '0x6000'
Sat Aug 29 22:52:04 2026 : [INF] Value to be used 0x6000
Sat Aug 29 22:52:04 2026 : [INF] File to update '../../OEMiROT_Appli_TrustZone/NonSecure/STM32H563ZITX_FLASH.ld'
Sat Aug 29 22:52:04 2026 : [INF] Linker variable "S_CODE_SIZE"  is updated with value "0x6000"
Sat Aug 29 22:52:04 2026 : [INF] The modification is not necessary
Sat Aug 29 22:52:04 2026 : [INF] The variable has already the correct value (0x6000)
Sat Aug 29 22:52:04 2026 : [INF] Saving file modification
Sat Aug 29 22:52:04 2026 : [INF] ############## Executing linker command ##############
Sat Aug 29 22:52:04 2026 : [INF] /home/rajas/STM32Cube/Repository/STM32Cube_FW_H5_V1.7.0/Utilities/PC_Software/ROT_AppliConfig/AppliCfg.py linker --layout /home/rajas/workspace/OEMiROT/OEMiROT_Boot/STM32CubeIDE/image_macros_preprocessed_bl2.c -m RE_IMAGE_NON_SECURE_IMAGE_SIZE -n NS_CODE_SIZE ../../OEMiROT_Appli_TrustZone/NonSecure/STM32H563ZITX_FLASH.ld --vb
Sat Aug 29 22:52:04 2026 : [INF] open file (../../OEMiROT_Appli_TrustZone/NonSecure/STM32H563ZITX_FLASH.ld)
Sat Aug 29 22:52:04 2026 : [INF] open file (/home/rajas/workspace/OEMiROT/OEMiROT_Boot/STM32CubeIDE/image_macros_preprocessed_bl2.c)
Sat Aug 29 22:52:04 2026 : [INF] Opening the '/home/rajas/workspace/OEMiROT/OEMiROT_Boot/STM32CubeIDE/image_macros_preprocessed_bl2.c' file
Sat Aug 29 22:52:04 2026 : [INF] The value computed for 'RE_IMAGE_NON_SECURE_IMAGE_SIZE' is '0xa0000'
Sat Aug 29 22:52:04 2026 : [INF] Value to be used 0xa0000
Sat Aug 29 22:52:04 2026 : [INF] File to update '../../OEMiROT_Appli_TrustZone/NonSecure/STM32H563ZITX_FLASH.ld'
Sat Aug 29 22:52:04 2026 : [INF] Linker variable "NS_CODE_SIZE"  is updated with value "0xa0000"
Sat Aug 29 22:52:04 2026 : [INF] The modification is not necessary
Sat Aug 29 22:52:04 2026 : [INF] The variable has already the correct value (0xa0000)
Sat Aug 29 22:52:04 2026 : [INF] Saving file modification
Sat Aug 29 22:52:04 2026 : [INF] ############## Executing linker command ##############
Sat Aug 29 22:52:04 2026 : [INF] /home/rajas/STM32Cube/Repository/STM32Cube_FW_H5_V1.7.0/Utilities/PC_Software/ROT_AppliConfig/AppliCfg.py linker --layout /home/rajas/workspace/OEMiROT/OEMiROT_Boot/STM32CubeIDE/image_macros_preprocessed_bl2.c -m RE_CMSE_VENEER_REGION_SIZE -n CMSE_VENEER_REGION_SIZE ../../OEMiROT_Appli_TrustZone/Secure/STM32H563ZITX_FLASH.ld --vb
Sat Aug 29 22:52:04 2026 : [INF] open file (../../OEMiROT_Appli_TrustZone/Secure/STM32H563ZITX_FLASH.ld)
Sat Aug 29 22:52:04 2026 : [INF] open file (/home/rajas/workspace/OEMiROT/OEMiROT_Boot/STM32CubeIDE/image_macros_preprocessed_bl2.c)
Sat Aug 29 22:52:04 2026 : [INF] Opening the '/home/rajas/workspace/OEMiROT/OEMiROT_Boot/STM32CubeIDE/image_macros_preprocessed_bl2.c' file
Sat Aug 29 22:52:04 2026 : [INF] The value computed for 'RE_CMSE_VENEER_REGION_SIZE' is '0x2000'
Sat Aug 29 22:52:04 2026 : [INF] Value to be used 0x2000
Sat Aug 29 22:52:04 2026 : [INF] File to update '../../OEMiROT_Appli_TrustZone/Secure/STM32H563ZITX_FLASH.ld'
Sat Aug 29 22:52:04 2026 : [INF] Linker variable "CMSE_VENEER_REGION_SIZE"  is updated with value "0x2000"
Sat Aug 29 22:52:04 2026 : [INF] The modification is not necessary
Sat Aug 29 22:52:04 2026 : [INF] The variable has already the correct value (0x2000)
Sat Aug 29 22:52:04 2026 : [INF] Saving file modification
Sat Aug 29 22:52:04 2026 : [INF] ############## Executing xmlname command ##############
Sat Aug 29 22:52:04 2026 : [INF] /home/rajas/STM32Cube/Repository/STM32Cube_FW_H5_V1.7.0/Utilities/PC_Software/ROT_AppliConfig/AppliCfg.py xmlname --layout /home/rajas/workspace/OEMiROT/OEMiROT_Boot/STM32CubeIDE/image_macros_preprocessed_bl2.c -m RE_APP_IMAGE_NUMBER -n Authentication non secure key -sn Authentication secure key -v 1 -c k /home/rajas/workspace/OEMiROT/OEMiROT_Boot/STM32CubeIDE/../../OEMiROT_Appli_TrustZone/ROT_Provisioning/OEMiROT/Images/OEMiROT_NS_Code_Image.xml --vb
Sat Aug 29 22:52:04 2026 : [INF] open file (/home/rajas/workspace/OEMiROT/OEMiROT_Boot/STM32CubeIDE/image_macros_preprocessed_bl2.c)
Sat Aug 29 22:52:04 2026 : [INF] Opening the '/home/rajas/workspace/OEMiROT/OEMiROT_Boot/STM32CubeIDE/image_macros_preprocessed_bl2.c' file
Sat Aug 29 22:52:04 2026 : [INF] The value computed for 'RE_APP_IMAGE_NUMBER' is '0x2'
Sat Aug 29 22:52:04 2026 : [INF] Opening the '/home/rajas/workspace/OEMiROT/OEMiROT_Boot/STM32CubeIDE/../../OEMiROT_Appli_TrustZone/ROT_Provisioning/OEMiROT/Images/OEMiROT_NS_Code_Image.xml' file
Sat Aug 29 22:52:04 2026 : [INF] Searching the parameter with <Command>k</Command> element
Sat Aug 29 22:52:04 2026 : [INF] Parameter found. Verifying information of '<Name>Authentication non secure key</Name>'
Sat Aug 29 22:52:04 2026 : [INF] The modification is not necessary
Sat Aug 29 22:52:04 2026 : [INF] The tag <Name> has already the correct content (Authentication non secure key)
Sat Aug 29 22:52:04 2026 : [INF] ############## Executing xmlval command ##############
Sat Aug 29 22:52:04 2026 : [INF] /home/rajas/STM32Cube/Repository/STM32Cube_FW_H5_V1.7.0/Utilities/PC_Software/ROT_AppliConfig/AppliCfg.py xmlval --layout /home/rajas/workspace/OEMiROT/OEMiROT_Boot/STM32CubeIDE/image_macros_preprocessed_bl2.c -m RE_IMAGE_FLASH_SECURE_UPDATE -c x /home/rajas/workspace/OEMiROT/OEMiROT_Boot/STM32CubeIDE/../../OEMiROT_Appli_TrustZone/ROT_Provisioning/OEMiROT/Images/OEMiROT_S_Code_Image.xml --vb
Sat Aug 29 22:52:04 2026 : [INF] open file (/home/rajas/workspace/OEMiROT/OEMiROT_Boot/STM32CubeIDE/image_macros_preprocessed_bl2.c)
Sat Aug 29 22:52:04 2026 : [INF] Opening the '/home/rajas/workspace/OEMiROT/OEMiROT_Boot/STM32CubeIDE/image_macros_preprocessed_bl2.c' file
Sat Aug 29 22:52:04 2026 : [INF] The value computed for 'RE_IMAGE_FLASH_SECURE_UPDATE' is '0x80d2000'
Sat Aug 29 22:52:04 2026 : [INF] Value to be used 0x80D2000
Sat Aug 29 22:52:04 2026 : [INF] Opening the '/home/rajas/workspace/OEMiROT/OEMiROT_Boot/STM32CubeIDE/../../OEMiROT_Appli_TrustZone/ROT_Provisioning/OEMiROT/Images/OEMiROT_S_Code_Image.xml' file
Sat Aug 29 22:52:04 2026 : [INF] Searching the parameter with <Command>x</Command> element
Sat Aug 29 22:52:04 2026 : [INF] Parameter found. Verifying information of '<Value>0x80D2000</Value>'
Sat Aug 29 22:52:04 2026 : [INF] The modification is not necessary
Sat Aug 29 22:52:04 2026 : [INF] The tag <Value> has already the correct content (0x80D2000)
Sat Aug 29 22:52:04 2026 : [INF] ############## Executing xmlval command ##############
Sat Aug 29 22:52:04 2026 : [INF] /home/rajas/STM32Cube/Repository/STM32Cube_FW_H5_V1.7.0/Utilities/PC_Software/ROT_AppliConfig/AppliCfg.py xmlval --layout /home/rajas/workspace/OEMiROT/OEMiROT_Boot/STM32CubeIDE/image_macros_preprocessed_bl2.c -m RE_IMAGE_FLASH_NON_SECURE_UPDATE -sm RE_IMAGE_FLASH_SECURE_UPDATE -v 0 -c x /home/rajas/workspace/OEMiROT/OEMiROT_Boot/STM32CubeIDE/../../OEMiROT_Appli_TrustZone/ROT_Provisioning/OEMiROT/Images/OEMiROT_NS_Code_Image.xml --vb
Sat Aug 29 22:52:04 2026 : [INF] open file (/home/rajas/workspace/OEMiROT/OEMiROT_Boot/STM32CubeIDE/image_macros_preprocessed_bl2.c)
Sat Aug 29 22:52:04 2026 : [INF] Opening the '/home/rajas/workspace/OEMiROT/OEMiROT_Boot/STM32CubeIDE/image_macros_preprocessed_bl2.c' file
Sat Aug 29 22:52:04 2026 : [INF] The value computed for 'RE_IMAGE_FLASH_NON_SECURE_UPDATE' is '0x80d8000'
Sat Aug 29 22:52:04 2026 : [INF] Value to be used 0x80D8000
Sat Aug 29 22:52:04 2026 : [INF] Opening the '/home/rajas/workspace/OEMiROT/OEMiROT_Boot/STM32CubeIDE/../../OEMiROT_Appli_TrustZone/ROT_Provisioning/OEMiROT/Images/OEMiROT_NS_Code_Image.xml' file
Sat Aug 29 22:52:04 2026 : [INF] Searching the parameter with <Command>x</Command> element
Sat Aug 29 22:52:04 2026 : [INF] Parameter found. Verifying information of '<Value>0x80D8000</Value>'
Sat Aug 29 22:52:04 2026 : [INF] The modification is not necessary
Sat Aug 29 22:52:04 2026 : [INF] The tag <Value> has already the correct content (0x80D8000)
Sat Aug 29 22:52:04 2026 : [INF] ############## Executing xmlval command ##############
Sat Aug 29 22:52:04 2026 : [INF] /home/rajas/STM32Cube/Repository/STM32Cube_FW_H5_V1.7.0/Utilities/PC_Software/ROT_AppliConfig/AppliCfg.py xmlval --layout /home/rajas/workspace/OEMiROT/OEMiROT_Boot/STM32CubeIDE/image_macros_preprocessed_bl2.c -m RE_IMAGE_FLASH_DATA_SECURE_UPDATE -c x /home/rajas/workspace/OEMiROT/OEMiROT_Boot/STM32CubeIDE/../../OEMiROT_Appli_TrustZone/ROT_Provisioning/OEMiROT/Images/OEMiROT_S_Data_Image.xml --vb
Sat Aug 29 22:52:04 2026 : [INF] open file (/home/rajas/workspace/OEMiROT/OEMiROT_Boot/STM32CubeIDE/image_macros_preprocessed_bl2.c)
Sat Aug 29 22:52:04 2026 : [INF] Opening the '/home/rajas/workspace/OEMiROT/OEMiROT_Boot/STM32CubeIDE/image_macros_preprocessed_bl2.c' file
Sat Aug 29 22:52:04 2026 : [INF] The value computed for 'RE_IMAGE_FLASH_DATA_SECURE_UPDATE' is '0x8178000'
Sat Aug 29 22:52:04 2026 : [INF] Value to be used 0x8178000
Sat Aug 29 22:52:04 2026 : [INF] Opening the '/home/rajas/workspace/OEMiROT/OEMiROT_Boot/STM32CubeIDE/../../OEMiROT_Appli_TrustZone/ROT_Provisioning/OEMiROT/Images/OEMiROT_S_Data_Image.xml' file
Sat Aug 29 22:52:04 2026 : [INF] Searching the parameter with <Command>x</Command> element
Sat Aug 29 22:52:04 2026 : [INF] Parameter found. Verifying information of '<Value>0x8178000</Value>'
Sat Aug 29 22:52:04 2026 : [INF] The modification is not necessary
Sat Aug 29 22:52:04 2026 : [INF] The tag <Value> has already the correct content (0x8178000)
Sat Aug 29 22:52:04 2026 : [INF] ############## Executing xmlval command ##############
Sat Aug 29 22:52:04 2026 : [INF] /home/rajas/STM32Cube/Repository/STM32Cube_FW_H5_V1.7.0/Utilities/PC_Software/ROT_AppliConfig/AppliCfg.py xmlval --layout /home/rajas/workspace/OEMiROT/OEMiROT_Boot/STM32CubeIDE/image_macros_preprocessed_bl2.c -m RE_IMAGE_FLASH_DATA_NON_SECURE_UPDATE -c x /home/rajas/workspace/OEMiROT/OEMiROT_Boot/STM32CubeIDE/../../OEMiROT_Appli_TrustZone/ROT_Provisioning/OEMiROT/Images/OEMiROT_NS_Data_Image.xml --vb
Sat Aug 29 22:52:04 2026 : [INF] open file (/home/rajas/workspace/OEMiROT/OEMiROT_Boot/STM32CubeIDE/image_macros_preprocessed_bl2.c)
Sat Aug 29 22:52:04 2026 : [INF] Opening the '/home/rajas/workspace/OEMiROT/OEMiROT_Boot/STM32CubeIDE/image_macros_preprocessed_bl2.c' file
Sat Aug 29 22:52:04 2026 : [INF] The value computed for 'RE_IMAGE_FLASH_DATA_NON_SECURE_UPDATE' is '0x817a000'
Sat Aug 29 22:52:04 2026 : [INF] Value to be used 0x817A000
Sat Aug 29 22:52:04 2026 : [INF] Opening the '/home/rajas/workspace/OEMiROT/OEMiROT_Boot/STM32CubeIDE/../../OEMiROT_Appli_TrustZone/ROT_Provisioning/OEMiROT/Images/OEMiROT_NS_Data_Image.xml' file
Sat Aug 29 22:52:04 2026 : [INF] Searching the parameter with <Command>x</Command> element
Sat Aug 29 22:52:04 2026 : [INF] Parameter found. Verifying information of '<Value>0x817A000</Value>'
Sat Aug 29 22:52:04 2026 : [INF] The modification is not necessary
Sat Aug 29 22:52:04 2026 : [INF] The tag <Value> has already the correct content (0x817A000)
Sat Aug 29 22:52:05 2026 : [INF] ############## Executing xmlval command ##############
Sat Aug 29 22:52:05 2026 : [INF] /home/rajas/STM32Cube/Repository/STM32Cube_FW_H5_V1.7.0/Utilities/PC_Software/ROT_AppliConfig/AppliCfg.py xmlval --layout /home/rajas/workspace/OEMiROT/OEMiROT_Boot/STM32CubeIDE/image_macros_preprocessed_bl2.c -m RE_IMAGE_FLASH_SECURE_IMAGE_SIZE -c S /home/rajas/workspace/OEMiROT/OEMiROT_Boot/STM32CubeIDE/../../OEMiROT_Appli_TrustZone/ROT_Provisioning/OEMiROT/Images/OEMiROT_S_Code_Image.xml --vb
Sat Aug 29 22:52:05 2026 : [INF] open file (/home/rajas/workspace/OEMiROT/OEMiROT_Boot/STM32CubeIDE/image_macros_preprocessed_bl2.c)
Sat Aug 29 22:52:05 2026 : [INF] Opening the '/home/rajas/workspace/OEMiROT/OEMiROT_Boot/STM32CubeIDE/image_macros_preprocessed_bl2.c' file
Sat Aug 29 22:52:05 2026 : [INF] The value computed for 'RE_IMAGE_FLASH_SECURE_IMAGE_SIZE' is '0x6000'
Sat Aug 29 22:52:05 2026 : [INF] Value to be used 0x6000
Sat Aug 29 22:52:05 2026 : [INF] Opening the '/home/rajas/workspace/OEMiROT/OEMiROT_Boot/STM32CubeIDE/../../OEMiROT_Appli_TrustZone/ROT_Provisioning/OEMiROT/Images/OEMiROT_S_Code_Image.xml' file
Sat Aug 29 22:52:05 2026 : [INF] Searching the parameter with <Command>S</Command> element
Sat Aug 29 22:52:05 2026 : [INF] Parameter found. Verifying information of '<Value>0x6000</Value>'
Sat Aug 29 22:52:05 2026 : [INF] The modification is not necessary
Sat Aug 29 22:52:05 2026 : [INF] The tag <Value> has already the correct content (0x6000)
Sat Aug 29 22:52:05 2026 : [INF] ############## Executing xmlval command ##############
Sat Aug 29 22:52:05 2026 : [INF] /home/rajas/STM32Cube/Repository/STM32Cube_FW_H5_V1.7.0/Utilities/PC_Software/ROT_AppliConfig/AppliCfg.py xmlval --layout /home/rajas/workspace/OEMiROT/OEMiROT_Boot/STM32CubeIDE/image_macros_preprocessed_bl2.c -m RE_IMAGE_FLASH_NON_SECURE_IMAGE_SIZE -c S /home/rajas/workspace/OEMiROT/OEMiROT_Boot/STM32CubeIDE/../../OEMiROT_Appli_TrustZone/ROT_Provisioning/OEMiROT/Images/OEMiROT_NS_Code_Image.xml --vb
Sat Aug 29 22:52:05 2026 : [INF] open file (/home/rajas/workspace/OEMiROT/OEMiROT_Boot/STM32CubeIDE/image_macros_preprocessed_bl2.c)
Sat Aug 29 22:52:05 2026 : [INF] Opening the '/home/rajas/workspace/OEMiROT/OEMiROT_Boot/STM32CubeIDE/image_macros_preprocessed_bl2.c' file
Sat Aug 29 22:52:05 2026 : [INF] The value computed for 'RE_IMAGE_FLASH_NON_SECURE_IMAGE_SIZE' is '0xa0000'
Sat Aug 29 22:52:05 2026 : [INF] Value to be used 0xA0000
Sat Aug 29 22:52:05 2026 : [INF] Opening the '/home/rajas/workspace/OEMiROT/OEMiROT_Boot/STM32CubeIDE/../../OEMiROT_Appli_TrustZone/ROT_Provisioning/OEMiROT/Images/OEMiROT_NS_Code_Image.xml' file
Sat Aug 29 22:52:05 2026 : [INF] Searching the parameter with <Command>S</Command> element
Sat Aug 29 22:52:05 2026 : [INF] Parameter found. Verifying information of '<Value>0xA0000</Value>'
Sat Aug 29 22:52:05 2026 : [INF] The modification is not necessary
Sat Aug 29 22:52:05 2026 : [INF] The tag <Value> has already the correct content (0xA0000)
Sat Aug 29 22:52:05 2026 : [INF] ############## Executing xmlval command ##############
Sat Aug 29 22:52:05 2026 : [INF] /home/rajas/STM32Cube/Repository/STM32Cube_FW_H5_V1.7.0/Utilities/PC_Software/ROT_AppliConfig/AppliCfg.py xmlval --layout /home/rajas/workspace/OEMiROT/OEMiROT_Boot/STM32CubeIDE/image_macros_preprocessed_bl2.c -m RE_IMAGE_FLASH_SECURE_DATA_IMAGE_SIZE -c S /home/rajas/workspace/OEMiROT/OEMiROT_Boot/STM32CubeIDE/../../OEMiROT_Appli_TrustZone/ROT_Provisioning/OEMiROT/Images/OEMiROT_S_Data_Image.xml --vb
Sat Aug 29 22:52:05 2026 : [INF] open file (/home/rajas/workspace/OEMiROT/OEMiROT_Boot/STM32CubeIDE/image_macros_preprocessed_bl2.c)
Sat Aug 29 22:52:05 2026 : [INF] Opening the '/home/rajas/workspace/OEMiROT/OEMiROT_Boot/STM32CubeIDE/image_macros_preprocessed_bl2.c' file
Sat Aug 29 22:52:05 2026 : [INF] The value computed for 'RE_IMAGE_FLASH_SECURE_DATA_IMAGE_SIZE' is '0x2000'
Sat Aug 29 22:52:05 2026 : [INF] Value to be used 0x2000
Sat Aug 29 22:52:05 2026 : [INF] Opening the '/home/rajas/workspace/OEMiROT/OEMiROT_Boot/STM32CubeIDE/../../OEMiROT_Appli_TrustZone/ROT_Provisioning/OEMiROT/Images/OEMiROT_S_Data_Image.xml' file
Sat Aug 29 22:52:05 2026 : [INF] Searching the parameter with <Command>S</Command> element
Sat Aug 29 22:52:05 2026 : [INF] Parameter found. Verifying information of '<Value>0x2000</Value>'
Sat Aug 29 22:52:05 2026 : [INF] The modification is not necessary
Sat Aug 29 22:52:05 2026 : [INF] The tag <Value> has already the correct content (0x2000)
Sat Aug 29 22:52:05 2026 : [INF] ############## Executing xmlval command ##############
Sat Aug 29 22:52:05 2026 : [INF] /home/rajas/STM32Cube/Repository/STM32Cube_FW_H5_V1.7.0/Utilities/PC_Software/ROT_AppliConfig/AppliCfg.py xmlval --layout /home/rajas/workspace/OEMiROT/OEMiROT_Boot/STM32CubeIDE/image_macros_preprocessed_bl2.c -m RE_IMAGE_FLASH_NON_SECURE_DATA_IMAGE_SIZE -c S /home/rajas/workspace/OEMiROT/OEMiROT_Boot/STM32CubeIDE/../../OEMiROT_Appli_TrustZone/ROT_Provisioning/OEMiROT/Images/OEMiROT_NS_Data_Image.xml --vb
Sat Aug 29 22:52:05 2026 : [INF] open file (/home/rajas/workspace/OEMiROT/OEMiROT_Boot/STM32CubeIDE/image_macros_preprocessed_bl2.c)
Sat Aug 29 22:52:05 2026 : [INF] Opening the '/home/rajas/workspace/OEMiROT/OEMiROT_Boot/STM32CubeIDE/image_macros_preprocessed_bl2.c' file
Sat Aug 29 22:52:05 2026 : [INF] The value computed for 'RE_IMAGE_FLASH_NON_SECURE_DATA_IMAGE_SIZE' is '0x2000'
Sat Aug 29 22:52:05 2026 : [INF] Value to be used 0x2000
Sat Aug 29 22:52:05 2026 : [INF] Opening the '/home/rajas/workspace/OEMiROT/OEMiROT_Boot/STM32CubeIDE/../../OEMiROT_Appli_TrustZone/ROT_Provisioning/OEMiROT/Images/OEMiROT_NS_Data_Image.xml' file
Sat Aug 29 22:52:05 2026 : [INF] Searching the parameter with <Command>S</Command> element
Sat Aug 29 22:52:05 2026 : [INF] Parameter found. Verifying information of '<Value>0x2000</Value>'
Sat Aug 29 22:52:05 2026 : [INF] The modification is not necessary
Sat Aug 29 22:52:05 2026 : [INF] The tag <Value> has already the correct content (0x2000)
Sat Aug 29 22:52:05 2026 : [INF] ############## Executing xmlparam command ##############
Sat Aug 29 22:52:05 2026 : [INF] /home/rajas/STM32Cube/Repository/STM32Cube_FW_H5_V1.7.0/Utilities/PC_Software/ROT_AppliConfig/AppliCfg.py xmlparam --layout /home/rajas/workspace/OEMiROT/OEMiROT_Boot/STM32CubeIDE/image_macros_preprocessed_bl2.c -m RE_ENCRYPTION -n Encryption key -link GetPublic -t File -c -E -h 1 -d  /home/rajas/workspace/OEMiROT/OEMiROT_Boot/STM32CubeIDE/../../OEMiROT_Appli_TrustZone/ROT_Provisioning/OEMiROT/Images/OEMiROT_S_Code_Image.xml --vb
Sat Aug 29 22:52:05 2026 : [INF] open file (/home/rajas/workspace/OEMiROT/OEMiROT_Boot/STM32CubeIDE/image_macros_preprocessed_bl2.c)
Sat Aug 29 22:52:05 2026 : [INF] Opening the '/home/rajas/workspace/OEMiROT/OEMiROT_Boot/STM32CubeIDE/image_macros_preprocessed_bl2.c' file
Sat Aug 29 22:52:05 2026 : [INF] The value computed for 'RE_ENCRYPTION' is '0x1'
Sat Aug 29 22:52:05 2026 : [INF] option add
Sat Aug 29 22:52:05 2026 : [INF] Opening the '/home/rajas/workspace/OEMiROT/OEMiROT_Boot/STM32CubeIDE/../../OEMiROT_Appli_TrustZone/ROT_Provisioning/OEMiROT/Images/OEMiROT_S_Code_Image.xml' file
Sat Aug 29 22:52:05 2026 : [INF] Parameter found. Extracting information from '<Command>-E</Command>'
Sat Aug 29 22:52:05 2026 : [INF] The content recovered is '-E'
Sat Aug 29 22:52:05 2026 : [INF] Parameter already exists
Sat Aug 29 22:52:05 2026 : [INF] ############## Executing xmlparam command ##############
Sat Aug 29 22:52:05 2026 : [INF] /home/rajas/STM32Cube/Repository/STM32Cube_FW_H5_V1.7.0/Utilities/PC_Software/ROT_AppliConfig/AppliCfg.py xmlparam --layout /home/rajas/workspace/OEMiROT/OEMiROT_Boot/STM32CubeIDE/image_macros_preprocessed_bl2.c -m RE_ENCRYPTION -n Encryption key -link GetPublic -t File -c -E -h 1 -d  /home/rajas/workspace/OEMiROT/OEMiROT_Boot/STM32CubeIDE/../../OEMiROT_Appli_TrustZone/ROT_Provisioning/OEMiROT/Images/OEMiROT_NS_Code_Image.xml --vb
Sat Aug 29 22:52:05 2026 : [INF] open file (/home/rajas/workspace/OEMiROT/OEMiROT_Boot/STM32CubeIDE/image_macros_preprocessed_bl2.c)
Sat Aug 29 22:52:05 2026 : [INF] Opening the '/home/rajas/workspace/OEMiROT/OEMiROT_Boot/STM32CubeIDE/image_macros_preprocessed_bl2.c' file
Sat Aug 29 22:52:05 2026 : [INF] The value computed for 'RE_ENCRYPTION' is '0x1'
Sat Aug 29 22:52:05 2026 : [INF] option add
Sat Aug 29 22:52:05 2026 : [INF] Opening the '/home/rajas/workspace/OEMiROT/OEMiROT_Boot/STM32CubeIDE/../../OEMiROT_Appli_TrustZone/ROT_Provisioning/OEMiROT/Images/OEMiROT_NS_Code_Image.xml' file
Sat Aug 29 22:52:05 2026 : [INF] Parameter found. Extracting information from '<Command>-E</Command>'
Sat Aug 29 22:52:05 2026 : [INF] The content recovered is '-E'
Sat Aug 29 22:52:05 2026 : [INF] Parameter already exists
Sat Aug 29 22:52:05 2026 : [INF] ############## Executing xmlparam command ##############
Sat Aug 29 22:52:05 2026 : [INF] /home/rajas/STM32Cube/Repository/STM32Cube_FW_H5_V1.7.0/Utilities/PC_Software/ROT_AppliConfig/AppliCfg.py xmlparam --layout /home/rajas/workspace/OEMiROT/OEMiROT_Boot/STM32CubeIDE/image_macros_preprocessed_bl2.c -m RE_ENCRYPTION -n Encryption key -link GetPublic -t File -c -E -h 1 -d  /home/rajas/workspace/OEMiROT/OEMiROT_Boot/STM32CubeIDE/../../OEMiROT_Appli_TrustZone/ROT_Provisioning/OEMiROT/Images/OEMiROT_S_Data_Image.xml --vb
Sat Aug 29 22:52:05 2026 : [INF] open file (/home/rajas/workspace/OEMiROT/OEMiROT_Boot/STM32CubeIDE/image_macros_preprocessed_bl2.c)
Sat Aug 29 22:52:05 2026 : [INF] Opening the '/home/rajas/workspace/OEMiROT/OEMiROT_Boot/STM32CubeIDE/image_macros_preprocessed_bl2.c' file
Sat Aug 29 22:52:05 2026 : [INF] The value computed for 'RE_ENCRYPTION' is '0x1'
Sat Aug 29 22:52:05 2026 : [INF] option add
Sat Aug 29 22:52:05 2026 : [INF] Opening the '/home/rajas/workspace/OEMiROT/OEMiROT_Boot/STM32CubeIDE/../../OEMiROT_Appli_TrustZone/ROT_Provisioning/OEMiROT/Images/OEMiROT_S_Data_Image.xml' file
Sat Aug 29 22:52:05 2026 : [INF] Parameter found. Extracting information from '<Command>-E</Command>'
Sat Aug 29 22:52:05 2026 : [INF] The content recovered is '-E'
Sat Aug 29 22:52:05 2026 : [INF] Parameter already exists
Sat Aug 29 22:52:05 2026 : [INF] ############## Executing xmlparam command ##############
Sat Aug 29 22:52:05 2026 : [INF] /home/rajas/STM32Cube/Repository/STM32Cube_FW_H5_V1.7.0/Utilities/PC_Software/ROT_AppliConfig/AppliCfg.py xmlparam --layout /home/rajas/workspace/OEMiROT/OEMiROT_Boot/STM32CubeIDE/image_macros_preprocessed_bl2.c -m RE_ENCRYPTION -n Encryption key -link GetPublic -t File -c -E -h 1 -d  /home/rajas/workspace/OEMiROT/OEMiROT_Boot/STM32CubeIDE/../../OEMiROT_Appli_TrustZone/ROT_Provisioning/OEMiROT/Images/OEMiROT_NS_Data_Image.xml --vb
Sat Aug 29 22:52:05 2026 : [INF] open file (/home/rajas/workspace/OEMiROT/OEMiROT_Boot/STM32CubeIDE/image_macros_preprocessed_bl2.c)
Sat Aug 29 22:52:05 2026 : [INF] Opening the '/home/rajas/workspace/OEMiROT/OEMiROT_Boot/STM32CubeIDE/image_macros_preprocessed_bl2.c' file
Sat Aug 29 22:52:05 2026 : [INF] The value computed for 'RE_ENCRYPTION' is '0x1'
Sat Aug 29 22:52:05 2026 : [INF] option add
Sat Aug 29 22:52:05 2026 : [INF] Opening the '/home/rajas/workspace/OEMiROT/OEMiROT_Boot/STM32CubeIDE/../../OEMiROT_Appli_TrustZone/ROT_Provisioning/OEMiROT/Images/OEMiROT_NS_Data_Image.xml' file
Sat Aug 29 22:52:05 2026 : [INF] Parameter found. Extracting information from '<Command>-E</Command>'
Sat Aug 29 22:52:05 2026 : [INF] The content recovered is '-E'
Sat Aug 29 22:52:05 2026 : [INF] Parameter already exists
Sat Aug 29 22:52:05 2026 : [INF] ############## Executing xmlparam command ##############
Sat Aug 29 22:52:05 2026 : [INF] /home/rajas/STM32Cube/Repository/STM32Cube_FW_H5_V1.7.0/Utilities/PC_Software/ROT_AppliConfig/AppliCfg.py xmlparam --layout /home/rajas/workspace/OEMiROT/OEMiROT_Boot/STM32CubeIDE/image_macros_preprocessed_bl2.c -m RE_OVER_WRITE -n Write Option -t Data -c --overwrite-only -h 1 -d  /home/rajas/workspace/OEMiROT/OEMiROT_Boot/STM32CubeIDE/../../OEMiROT_Appli_TrustZone/ROT_Provisioning/OEMiROT/Images/OEMiROT_S_Code_Image.xml --vb
Sat Aug 29 22:52:05 2026 : [INF] open file (/home/rajas/workspace/OEMiROT/OEMiROT_Boot/STM32CubeIDE/image_macros_preprocessed_bl2.c)
Sat Aug 29 22:52:05 2026 : [INF] Opening the '/home/rajas/workspace/OEMiROT/OEMiROT_Boot/STM32CubeIDE/image_macros_preprocessed_bl2.c' file
Sat Aug 29 22:52:05 2026 : [INF] The value computed for 'RE_OVER_WRITE' is '0x0'
Sat Aug 29 22:52:05 2026 : [INF] option rm
Sat Aug 29 22:52:05 2026 : [INF] Opening the '/home/rajas/workspace/OEMiROT/OEMiROT_Boot/STM32CubeIDE/../../OEMiROT_Appli_TrustZone/ROT_Provisioning/OEMiROT/Images/OEMiROT_S_Code_Image.xml' file
Sat Aug 29 22:52:05 2026 : [INF] Parameter not found. Perhaps it has already been removed
Sat Aug 29 22:52:05 2026 : [INF] ############## Executing xmlparam command ##############
Sat Aug 29 22:52:05 2026 : [INF] /home/rajas/STM32Cube/Repository/STM32Cube_FW_H5_V1.7.0/Utilities/PC_Software/ROT_AppliConfig/AppliCfg.py xmlparam --layout /home/rajas/workspace/OEMiROT/OEMiROT_Boot/STM32CubeIDE/image_macros_preprocessed_bl2.c -m RE_OVER_WRITE -n Write Option -t Data -c --overwrite-only -h 1 -d  /home/rajas/workspace/OEMiROT/OEMiROT_Boot/STM32CubeIDE/../../OEMiROT_Appli_TrustZone/ROT_Provisioning/OEMiROT/Images/OEMiROT_NS_Code_Image.xml --vb
Sat Aug 29 22:52:05 2026 : [INF] open file (/home/rajas/workspace/OEMiROT/OEMiROT_Boot/STM32CubeIDE/image_macros_preprocessed_bl2.c)
Sat Aug 29 22:52:05 2026 : [INF] Opening the '/home/rajas/workspace/OEMiROT/OEMiROT_Boot/STM32CubeIDE/image_macros_preprocessed_bl2.c' file
Sat Aug 29 22:52:05 2026 : [INF] The value computed for 'RE_OVER_WRITE' is '0x0'
Sat Aug 29 22:52:05 2026 : [INF] option rm
Sat Aug 29 22:52:05 2026 : [INF] Opening the '/home/rajas/workspace/OEMiROT/OEMiROT_Boot/STM32CubeIDE/../../OEMiROT_Appli_TrustZone/ROT_Provisioning/OEMiROT/Images/OEMiROT_NS_Code_Image.xml' file
Sat Aug 29 22:52:05 2026 : [INF] Parameter not found. Perhaps it has already been removed
Sat Aug 29 22:52:05 2026 : [INF] ############## Executing xmlparam command ##############
Sat Aug 29 22:52:05 2026 : [INF] /home/rajas/STM32Cube/Repository/STM32Cube_FW_H5_V1.7.0/Utilities/PC_Software/ROT_AppliConfig/AppliCfg.py xmlparam --layout /home/rajas/workspace/OEMiROT/OEMiROT_Boot/STM32CubeIDE/image_macros_preprocessed_bl2.c -m RE_OVER_WRITE -n Write Option -t Data -c --overwrite-only -h 1 -d  /home/rajas/workspace/OEMiROT/OEMiROT_Boot/STM32CubeIDE/../../OEMiROT_Appli_TrustZone/ROT_Provisioning/OEMiROT/Images/OEMiROT_S_Data_Image.xml --vb
Sat Aug 29 22:52:05 2026 : [INF] open file (/home/rajas/workspace/OEMiROT/OEMiROT_Boot/STM32CubeIDE/image_macros_preprocessed_bl2.c)
Sat Aug 29 22:52:05 2026 : [INF] Opening the '/home/rajas/workspace/OEMiROT/OEMiROT_Boot/STM32CubeIDE/image_macros_preprocessed_bl2.c' file
Sat Aug 29 22:52:05 2026 : [INF] The value computed for 'RE_OVER_WRITE' is '0x0'
Sat Aug 29 22:52:05 2026 : [INF] option rm
Sat Aug 29 22:52:05 2026 : [INF] Opening the '/home/rajas/workspace/OEMiROT/OEMiROT_Boot/STM32CubeIDE/../../OEMiROT_Appli_TrustZone/ROT_Provisioning/OEMiROT/Images/OEMiROT_S_Data_Image.xml' file
Sat Aug 29 22:52:05 2026 : [INF] Parameter not found. Perhaps it has already been removed
Sat Aug 29 22:52:06 2026 : [INF] ############## Executing xmlparam command ##############
Sat Aug 29 22:52:06 2026 : [INF] /home/rajas/STM32Cube/Repository/STM32Cube_FW_H5_V1.7.0/Utilities/PC_Software/ROT_AppliConfig/AppliCfg.py xmlparam --layout /home/rajas/workspace/OEMiROT/OEMiROT_Boot/STM32CubeIDE/image_macros_preprocessed_bl2.c -m RE_OVER_WRITE -n Write Option -t Data -c --overwrite-only -h 1 -d  /home/rajas/workspace/OEMiROT/OEMiROT_Boot/STM32CubeIDE/../../OEMiROT_Appli_TrustZone/ROT_Provisioning/OEMiROT/Images/OEMiROT_NS_Data_Image.xml --vb
Sat Aug 29 22:52:06 2026 : [INF] open file (/home/rajas/workspace/OEMiROT/OEMiROT_Boot/STM32CubeIDE/image_macros_preprocessed_bl2.c)
Sat Aug 29 22:52:06 2026 : [INF] Opening the '/home/rajas/workspace/OEMiROT/OEMiROT_Boot/STM32CubeIDE/image_macros_preprocessed_bl2.c' file
Sat Aug 29 22:52:06 2026 : [INF] The value computed for 'RE_OVER_WRITE' is '0x0'
Sat Aug 29 22:52:06 2026 : [INF] option rm
Sat Aug 29 22:52:06 2026 : [INF] Opening the '/home/rajas/workspace/OEMiROT/OEMiROT_Boot/STM32CubeIDE/../../OEMiROT_Appli_TrustZone/ROT_Provisioning/OEMiROT/Images/OEMiROT_NS_Data_Image.xml' file
Sat Aug 29 22:52:06 2026 : [INF] Parameter not found. Perhaps it has already been removed
Sat Aug 29 22:52:06 2026 : [INF] ############## Executing xmlparam command ##############
Sat Aug 29 22:52:06 2026 : [INF] /home/rajas/STM32Cube/Repository/STM32Cube_FW_H5_V1.7.0/Utilities/PC_Software/ROT_AppliConfig/AppliCfg.py xmlparam --layout /home/rajas/workspace/OEMiROT/OEMiROT_Boot/STM32CubeIDE/image_macros_preprocessed_bl2.c -m RE_PRIMARY_ONLY -n Slot Option -t Data -c --primary-only -h 1 -d  /home/rajas/workspace/OEMiROT/OEMiROT_Boot/STM32CubeIDE/../../OEMiROT_Appli_TrustZone/ROT_Provisioning/OEMiROT/Images/OEMiROT_S_Code_Image.xml --vb
Sat Aug 29 22:52:06 2026 : [INF] open file (/home/rajas/workspace/OEMiROT/OEMiROT_Boot/STM32CubeIDE/image_macros_preprocessed_bl2.c)
Sat Aug 29 22:52:06 2026 : [INF] Opening the '/home/rajas/workspace/OEMiROT/OEMiROT_Boot/STM32CubeIDE/image_macros_preprocessed_bl2.c' file
Sat Aug 29 22:52:06 2026 : [INF] The value computed for 'RE_PRIMARY_ONLY' is '0x0'
Sat Aug 29 22:52:06 2026 : [INF] option rm
Sat Aug 29 22:52:06 2026 : [INF] Opening the '/home/rajas/workspace/OEMiROT/OEMiROT_Boot/STM32CubeIDE/../../OEMiROT_Appli_TrustZone/ROT_Provisioning/OEMiROT/Images/OEMiROT_S_Code_Image.xml' file
Sat Aug 29 22:52:06 2026 : [INF] Parameter not found. Perhaps it has already been removed
Sat Aug 29 22:52:06 2026 : [INF] ############## Executing xmlparam command ##############
Sat Aug 29 22:52:06 2026 : [INF] /home/rajas/STM32Cube/Repository/STM32Cube_FW_H5_V1.7.0/Utilities/PC_Software/ROT_AppliConfig/AppliCfg.py xmlparam --layout /home/rajas/workspace/OEMiROT/OEMiROT_Boot/STM32CubeIDE/image_macros_preprocessed_bl2.c -m RE_PRIMARY_ONLY -n Slot Option -t Data -c --primary-only -h 1 -d  /home/rajas/workspace/OEMiROT/OEMiROT_Boot/STM32CubeIDE/../../OEMiROT_Appli_TrustZone/ROT_Provisioning/OEMiROT/Images/OEMiROT_NS_Code_Image.xml --vb
Sat Aug 29 22:52:06 2026 : [INF] open file (/home/rajas/workspace/OEMiROT/OEMiROT_Boot/STM32CubeIDE/image_macros_preprocessed_bl2.c)
Sat Aug 29 22:52:06 2026 : [INF] Opening the '/home/rajas/workspace/OEMiROT/OEMiROT_Boot/STM32CubeIDE/image_macros_preprocessed_bl2.c' file
Sat Aug 29 22:52:06 2026 : [INF] The value computed for 'RE_PRIMARY_ONLY' is '0x0'
Sat Aug 29 22:52:06 2026 : [INF] option rm
Sat Aug 29 22:52:06 2026 : [INF] Opening the '/home/rajas/workspace/OEMiROT/OEMiROT_Boot/STM32CubeIDE/../../OEMiROT_Appli_TrustZone/ROT_Provisioning/OEMiROT/Images/OEMiROT_NS_Code_Image.xml' file
Sat Aug 29 22:52:06 2026 : [INF] Parameter not found. Perhaps it has already been removed
Sat Aug 29 22:52:06 2026 : [INF] ############## Executing xmlparam command ##############
Sat Aug 29 22:52:06 2026 : [INF] /home/rajas/STM32Cube/Repository/STM32Cube_FW_H5_V1.7.0/Utilities/PC_Software/ROT_AppliConfig/AppliCfg.py xmlparam --layout /home/rajas/workspace/OEMiROT/OEMiROT_Boot/STM32CubeIDE/image_macros_preprocessed_bl2.c -m RE_PRIMARY_ONLY -n Slot Option -t Data -c --primary-only -h 1 -d  /home/rajas/workspace/OEMiROT/OEMiROT_Boot/STM32CubeIDE/../../OEMiROT_Appli_TrustZone/ROT_Provisioning/OEMiROT/Images/OEMiROT_S_Data_Image.xml --vb
Sat Aug 29 22:52:06 2026 : [INF] open file (/home/rajas/workspace/OEMiROT/OEMiROT_Boot/STM32CubeIDE/image_macros_preprocessed_bl2.c)
Sat Aug 29 22:52:06 2026 : [INF] Opening the '/home/rajas/workspace/OEMiROT/OEMiROT_Boot/STM32CubeIDE/image_macros_preprocessed_bl2.c' file
Sat Aug 29 22:52:06 2026 : [INF] The value computed for 'RE_PRIMARY_ONLY' is '0x0'
Sat Aug 29 22:52:06 2026 : [INF] option rm
Sat Aug 29 22:52:06 2026 : [INF] Opening the '/home/rajas/workspace/OEMiROT/OEMiROT_Boot/STM32CubeIDE/../../OEMiROT_Appli_TrustZone/ROT_Provisioning/OEMiROT/Images/OEMiROT_S_Data_Image.xml' file
Sat Aug 29 22:52:06 2026 : [INF] Parameter not found. Perhaps it has already been removed
Sat Aug 29 22:52:06 2026 : [INF] ############## Executing xmlparam command ##############
Sat Aug 29 22:52:06 2026 : [INF] /home/rajas/STM32Cube/Repository/STM32Cube_FW_H5_V1.7.0/Utilities/PC_Software/ROT_AppliConfig/AppliCfg.py xmlparam --layout /home/rajas/workspace/OEMiROT/OEMiROT_Boot/STM32CubeIDE/image_macros_preprocessed_bl2.c -m RE_PRIMARY_ONLY -n Slot Option -t Data -c --primary-only -h 1 -d  /home/rajas/workspace/OEMiROT/OEMiROT_Boot/STM32CubeIDE/../../OEMiROT_Appli_TrustZone/ROT_Provisioning/OEMiROT/Images/OEMiROT_NS_Data_Image.xml --vb
Sat Aug 29 22:52:06 2026 : [INF] open file (/home/rajas/workspace/OEMiROT/OEMiROT_Boot/STM32CubeIDE/image_macros_preprocessed_bl2.c)
Sat Aug 29 22:52:06 2026 : [INF] Opening the '/home/rajas/workspace/OEMiROT/OEMiROT_Boot/STM32CubeIDE/image_macros_preprocessed_bl2.c' file
Sat Aug 29 22:52:06 2026 : [INF] The value computed for 'RE_PRIMARY_ONLY' is '0x0'
Sat Aug 29 22:52:06 2026 : [INF] option rm
Sat Aug 29 22:52:06 2026 : [INF] Opening the '/home/rajas/workspace/OEMiROT/OEMiROT_Boot/STM32CubeIDE/../../OEMiROT_Appli_TrustZone/ROT_Provisioning/OEMiROT/Images/OEMiROT_NS_Data_Image.xml' file
Sat Aug 29 22:52:06 2026 : [INF] Parameter not found. Perhaps it has already been removed
Sat Aug 29 22:52:06 2026 : [INF] ############## Executing definevalue command ##############
Sat Aug 29 22:52:06 2026 : [INF] /home/rajas/STM32Cube/Repository/STM32Cube_FW_H5_V1.7.0/Utilities/PC_Software/ROT_AppliConfig/AppliCfg.py definevalue --layout /home/rajas/workspace/OEMiROT/OEMiROT_Boot/STM32CubeIDE/image_macros_preprocessed_bl2.c -m RE_AREA_0_OFFSET -n S_CODE_OFFSET ../../OEMiROT_Appli_TrustZone/Secure/Core/Inc/main.h --vb
Sat Aug 29 22:52:06 2026 : [INF] open file (../../OEMiROT_Appli_TrustZone/Secure/Core/Inc/main.h)
Sat Aug 29 22:52:06 2026 : [INF] open file (/home/rajas/workspace/OEMiROT/OEMiROT_Boot/STM32CubeIDE/image_macros_preprocessed_bl2.c)
Sat Aug 29 22:52:06 2026 : [INF] Opening the '/home/rajas/workspace/OEMiROT/OEMiROT_Boot/STM32CubeIDE/image_macros_preprocessed_bl2.c' file
Sat Aug 29 22:52:06 2026 : [INF] The value computed for 'RE_AREA_0_OFFSET' is '0x2a000'
Sat Aug 29 22:52:06 2026 : [INF] File to update '../../OEMiROT_Appli_TrustZone/Secure/Core/Inc/main.h'
Sat Aug 29 22:52:06 2026 : [INF] The modification is not necessary
Sat Aug 29 22:52:06 2026 : [INF] The variable has already the correct value (0x2A000)
Sat Aug 29 22:52:06 2026 : [INF] Define variable "S_CODE_OFFSET" is updated with value "0x2A000"
Sat Aug 29 22:52:06 2026 : [INF] Saving file modification
Sat Aug 29 22:52:06 2026 : [INF] ############## Executing definevalue command ##############
Sat Aug 29 22:52:06 2026 : [INF] /home/rajas/STM32Cube/Repository/STM32Cube_FW_H5_V1.7.0/Utilities/PC_Software/ROT_AppliConfig/AppliCfg.py definevalue --layout /home/rajas/workspace/OEMiROT/OEMiROT_Boot/STM32CubeIDE/image_macros_preprocessed_bl2.c -m RE_IMAGE_FLASH_SECURE_IMAGE_SIZE -n S_CODE_SIZE ../../OEMiROT_Appli_TrustZone/Secure/Core/Inc/main.h --vb
Sat Aug 29 22:52:06 2026 : [INF] open file (../../OEMiROT_Appli_TrustZone/Secure/Core/Inc/main.h)
Sat Aug 29 22:52:06 2026 : [INF] open file (/home/rajas/workspace/OEMiROT/OEMiROT_Boot/STM32CubeIDE/image_macros_preprocessed_bl2.c)
Sat Aug 29 22:52:06 2026 : [INF] Opening the '/home/rajas/workspace/OEMiROT/OEMiROT_Boot/STM32CubeIDE/image_macros_preprocessed_bl2.c' file
Sat Aug 29 22:52:06 2026 : [INF] The value computed for 'RE_IMAGE_FLASH_SECURE_IMAGE_SIZE' is '0x6000'
Sat Aug 29 22:52:06 2026 : [INF] File to update '../../OEMiROT_Appli_TrustZone/Secure/Core/Inc/main.h'
Sat Aug 29 22:52:06 2026 : [INF] The modification is not necessary
Sat Aug 29 22:52:06 2026 : [INF] The variable has already the correct value (0x6000)
Sat Aug 29 22:52:06 2026 : [INF] Define variable "S_CODE_SIZE" is updated with value "0x6000"
Sat Aug 29 22:52:06 2026 : [INF] Saving file modification
Sat Aug 29 22:52:06 2026 : [INF] ############## Executing definevalue command ##############
Sat Aug 29 22:52:06 2026 : [INF] /home/rajas/STM32Cube/Repository/STM32Cube_FW_H5_V1.7.0/Utilities/PC_Software/ROT_AppliConfig/AppliCfg.py definevalue --layout /home/rajas/workspace/OEMiROT/OEMiROT_Boot/STM32CubeIDE/image_macros_preprocessed_bl2.c -m RE_IMAGE_NON_SECURE_IMAGE_SIZE -n NS_CODE_SIZE ../../OEMiROT_Appli_TrustZone/Secure/Core/Inc/main.h --vb
Sat Aug 29 22:52:06 2026 : [INF] open file (../../OEMiROT_Appli_TrustZone/Secure/Core/Inc/main.h)
Sat Aug 29 22:52:06 2026 : [INF] open file (/home/rajas/workspace/OEMiROT/OEMiROT_Boot/STM32CubeIDE/image_macros_preprocessed_bl2.c)
Sat Aug 29 22:52:06 2026 : [INF] Opening the '/home/rajas/workspace/OEMiROT/OEMiROT_Boot/STM32CubeIDE/image_macros_preprocessed_bl2.c' file
Sat Aug 29 22:52:06 2026 : [INF] The value computed for 'RE_IMAGE_NON_SECURE_IMAGE_SIZE' is '0xa0000'
Sat Aug 29 22:52:06 2026 : [INF] File to update '../../OEMiROT_Appli_TrustZone/Secure/Core/Inc/main.h'
Sat Aug 29 22:52:06 2026 : [INF] The modification is not necessary
Sat Aug 29 22:52:06 2026 : [INF] The variable has already the correct value (0xA0000)
Sat Aug 29 22:52:06 2026 : [INF] Define variable "NS_CODE_SIZE" is updated with value "0xA0000"
Sat Aug 29 22:52:06 2026 : [INF] Saving file modification
Sat Aug 29 22:52:07 2026 : [INF] ############## Executing setdefine command ##############
Sat Aug 29 22:52:07 2026 : [INF] /home/rajas/STM32Cube/Repository/STM32Cube_FW_H5_V1.7.0/Utilities/PC_Software/ROT_AppliConfig/AppliCfg.py setdefine --layout /home/rajas/workspace/OEMiROT/OEMiROT_Boot/STM32CubeIDE/image_macros_preprocessed_bl2.c -m RE_NS_DATA_IMAGE_NUMBER -n NS_DATA_IMAGE_EN -v 1 ../../OEMiROT_Appli_TrustZone/NonSecure/Core/Inc/main.h --vb
Sat Aug 29 22:52:07 2026 : [INF] open file (../../OEMiROT_Appli_TrustZone/NonSecure/Core/Inc/main.h)
Sat Aug 29 22:52:07 2026 : [INF] open file (/home/rajas/workspace/OEMiROT/OEMiROT_Boot/STM32CubeIDE/image_macros_preprocessed_bl2.c)
Sat Aug 29 22:52:07 2026 : [INF] Opening the '/home/rajas/workspace/OEMiROT/OEMiROT_Boot/STM32CubeIDE/image_macros_preprocessed_bl2.c' file
Sat Aug 29 22:52:07 2026 : [INF] The value computed for 'RE_NS_DATA_IMAGE_NUMBER' is '0x1'
Sat Aug 29 22:52:07 2026 : [INF] File to update '../../OEMiROT_Appli_TrustZone/NonSecure/Core/Inc/main.h'
Sat Aug 29 22:52:07 2026 : [INF] The variable is already defined
Sat Aug 29 22:52:07 2026 : [INF] The modification is not necessary
Sat Aug 29 22:52:07 2026 : [INF] Define 'uncomment' action was not performed
Sat Aug 29 22:52:07 2026 : [INF] ############## Executing flash command ##############
Sat Aug 29 22:52:07 2026 : [INF] /home/rajas/STM32Cube/Repository/STM32Cube_FW_H5_V1.7.0/Utilities/PC_Software/ROT_AppliConfig/AppliCfg.py flash --layout /home/rajas/workspace/OEMiROT/OEMiROT_Boot/STM32CubeIDE/image_macros_preprocessed_bl2.c -b FLASH_SIZE -m RE_FLASH_SIZE /home/rajas/workspace/OEMiROT/OEMiROT_Boot/STM32CubeIDE/../../OEMiROT_Boot/map.properties --vb
Sat Aug 29 22:52:07 2026 : [INF] open file (/home/rajas/workspace/OEMiROT/OEMiROT_Boot/STM32CubeIDE/../../OEMiROT_Boot/map.properties)
Sat Aug 29 22:52:07 2026 : [INF] open file (/home/rajas/workspace/OEMiROT/OEMiROT_Boot/STM32CubeIDE/image_macros_preprocessed_bl2.c)
Sat Aug 29 22:52:07 2026 : [INF] Opening the '/home/rajas/workspace/OEMiROT/OEMiROT_Boot/STM32CubeIDE/image_macros_preprocessed_bl2.c' file
Sat Aug 29 22:52:07 2026 : [INF] The value computed for 'RE_FLASH_SIZE' is '0x200000'
Sat Aug 29 22:52:07 2026 : [INF] Value to be used 0x200000
Sat Aug 29 22:52:07 2026 : [INF] File to update '/home/rajas/workspace/OEMiROT/OEMiROT_Boot/STM32CubeIDE/../../OEMiROT_Boot/map.properties'
Sat Aug 29 22:52:07 2026 : [INF] The modification is not necessary
Sat Aug 29 22:52:07 2026 : [INF] The variable has already the correct value (0x200000)
Sat Aug 29 22:52:07 2026 : [INF] Script variable "FLASH_SIZE" is updated with value "0x200000"
Sat Aug 29 22:52:07 2026 : [INF] Saving file modification
Sat Aug 29 22:52:07 2026 : [INF] ############## Executing xmlval command ##############
Sat Aug 29 22:52:07 2026 : [INF] /home/rajas/STM32Cube/Repository/STM32Cube_FW_H5_V1.7.0/Utilities/PC_Software/ROT_AppliConfig/AppliCfg.py xmlval --layout /home/rajas/workspace/OEMiROT/OEMiROT_Boot/STM32CubeIDE/image_macros_preprocessed_bl2.c -m RE_FLASH_AREA_SCRATCH_SIZE -n Number of scratch sectors --decimal /home/rajas/workspace/OEMiROT/OEMiROT_Boot/STM32CubeIDE/../../OEMiROT_Appli_TrustZone/ROT_Provisioning/OEMiROT/Images/OEMiROT_S_Code_Image.xml --vb
Sat Aug 29 22:52:07 2026 : [INF] open file (/home/rajas/workspace/OEMiROT/OEMiROT_Boot/STM32CubeIDE/image_macros_preprocessed_bl2.c)
Sat Aug 29 22:52:07 2026 : [INF] Opening the '/home/rajas/workspace/OEMiROT/OEMiROT_Boot/STM32CubeIDE/image_macros_preprocessed_bl2.c' file
Sat Aug 29 22:52:07 2026 : [INF] The value computed for 'RE_FLASH_AREA_SCRATCH_SIZE' is '0x10000'
Sat Aug 29 22:52:07 2026 : [INF] Value to be used 65536
Sat Aug 29 22:52:07 2026 : [INF] Opening the '/home/rajas/workspace/OEMiROT/OEMiROT_Boot/STM32CubeIDE/../../OEMiROT_Appli_TrustZone/ROT_Provisioning/OEMiROT/Images/OEMiROT_S_Code_Image.xml' file
Sat Aug 29 22:52:07 2026 : [INF] Searching the parameter with <Name>Number of scratch sectors</Name> element
Sat Aug 29 22:52:07 2026 : [INF] Parameter found. Verifying information of '<Value>1</Value>'
Sat Aug 29 22:52:07 2026 : [INF] The tag <Value> content was updated to '65536'
Sat Aug 29 22:52:07 2026 : [INF] Saving xml modifications
Sat Aug 29 22:52:07 2026 : [INF] ############## Executing xmlval command ##############
Sat Aug 29 22:52:07 2026 : [INF] /home/rajas/STM32Cube/Repository/STM32Cube_FW_H5_V1.7.0/Utilities/PC_Software/ROT_AppliConfig/AppliCfg.py xmlval -xml /home/rajas/workspace/OEMiROT/OEMiROT_Boot/STM32CubeIDE/../../OEMiROT_Appli_TrustZone/ROT_Provisioning/OEMiROT/Images/OEMiROT_S_Code_Image.xml -nxml Firmware area size -nxml Number of scratch sectors --decimal -e (((val1+1)/val2)+1) -cond val2 -c M /home/rajas/workspace/OEMiROT/OEMiROT_Boot/STM32CubeIDE/../../OEMiROT_Appli_TrustZone/ROT_Provisioning/OEMiROT/Images/OEMiROT_S_Code_Image.xml --vb
Sat Aug 29 22:52:07 2026 : [INF] Opening the '/home/rajas/workspace/OEMiROT/OEMiROT_Boot/STM32CubeIDE/../../OEMiROT_Appli_TrustZone/ROT_Provisioning/OEMiROT/Images/OEMiROT_S_Code_Image.xml' file
Sat Aug 29 22:52:07 2026 : [INF] Search xml_name
Sat Aug 29 22:52:07 2026 : [INF] Searching the parameter with <Name>Firmware area size</Name>
Sat Aug 29 22:52:07 2026 : [INF] Parameter found. Extracting information from '<Value>0x6000</Value>'
Sat Aug 29 22:52:07 2026 : [INF] The content recovered is '0x6000'
Sat Aug 29 22:52:07 2026 : [INF] Searching the parameter with <Name>Number of scratch sectors</Name>
Sat Aug 29 22:52:07 2026 : [INF] Parameter found. Extracting information from '<Value>65536</Value>'
Sat Aug 29 22:52:07 2026 : [INF] The content recovered is '65536'
Sat Aug 29 22:52:07 2026 : [INF] Condition to be computed 'val2' 
Sat Aug 29 22:52:07 2026 : [INF] Condition patterns were replaced to '65536' 
Sat Aug 29 22:52:07 2026 : [INF] Expression to be computed '(((val1+1)/val2)+1)' 
Sat Aug 29 22:52:07 2026 : [INF] Expression patterns were replaced to '(((24576+1)/65536)+1)' 
Sat Aug 29 22:52:07 2026 : [INF] Value to be used 1
Sat Aug 29 22:52:07 2026 : [INF] Opening the '/home/rajas/workspace/OEMiROT/OEMiROT_Boot/STM32CubeIDE/../../OEMiROT_Appli_TrustZone/ROT_Provisioning/OEMiROT/Images/OEMiROT_S_Code_Image.xml' file
Sat Aug 29 22:52:07 2026 : [INF] Searching the parameter with <Command>M</Command> element
Sat Aug 29 22:52:07 2026 : [INF] Parameter found. Verifying information of '<Value>65536</Value>'
Sat Aug 29 22:52:07 2026 : [INF] The tag <Value> content was updated to '1'
Sat Aug 29 22:52:07 2026 : [INF] Saving xml modifications
Sat Aug 29 22:52:07 2026 : [INF] ############## Executing xmlval command ##############
Sat Aug 29 22:52:07 2026 : [INF] /home/rajas/STM32Cube/Repository/STM32Cube_FW_H5_V1.7.0/Utilities/PC_Software/ROT_AppliConfig/AppliCfg.py xmlval --layout /home/rajas/workspace/OEMiROT/OEMiROT_Boot/STM32CubeIDE/image_macros_preprocessed_bl2.c -m RE_FLASH_AREA_SCRATCH_SIZE -n Number of scratch sectors --decimal /home/rajas/workspace/OEMiROT/OEMiROT_Boot/STM32CubeIDE/../../OEMiROT_Appli_TrustZone/ROT_Provisioning/OEMiROT/Images/OEMiROT_NS_Code_Image.xml --vb
Sat Aug 29 22:52:07 2026 : [INF] open file (/home/rajas/workspace/OEMiROT/OEMiROT_Boot/STM32CubeIDE/image_macros_preprocessed_bl2.c)
Sat Aug 29 22:52:07 2026 : [INF] Opening the '/home/rajas/workspace/OEMiROT/OEMiROT_Boot/STM32CubeIDE/image_macros_preprocessed_bl2.c' file
Sat Aug 29 22:52:07 2026 : [INF] The value computed for 'RE_FLASH_AREA_SCRATCH_SIZE' is '0x10000'
Sat Aug 29 22:52:07 2026 : [INF] Value to be used 65536
Sat Aug 29 22:52:07 2026 : [INF] Opening the '/home/rajas/workspace/OEMiROT/OEMiROT_Boot/STM32CubeIDE/../../OEMiROT_Appli_TrustZone/ROT_Provisioning/OEMiROT/Images/OEMiROT_NS_Code_Image.xml' file
Sat Aug 29 22:52:07 2026 : [INF] Searching the parameter with <Name>Number of scratch sectors</Name> element
Sat Aug 29 22:52:07 2026 : [INF] Parameter found. Verifying information of '<Value>11</Value>'
Sat Aug 29 22:52:07 2026 : [INF] The tag <Value> content was updated to '65536'
Sat Aug 29 22:52:07 2026 : [INF] Saving xml modifications
Sat Aug 29 22:52:07 2026 : [INF] ############## Executing xmlval command ##############
Sat Aug 29 22:52:07 2026 : [INF] /home/rajas/STM32Cube/Repository/STM32Cube_FW_H5_V1.7.0/Utilities/PC_Software/ROT_AppliConfig/AppliCfg.py xmlval --layout /home/rajas/workspace/OEMiROT/OEMiROT_Boot/STM32CubeIDE/image_macros_preprocessed_bl2.c -m RE_FLASH_AREA_SCRATCH_SIZE -n Number of scratch sectors --decimal /home/rajas/workspace/OEMiROT/OEMiROT_Boot/STM32CubeIDE/../../OEMiROT_Appli_TrustZone/ROT_Provisioning/OEMiROT/Images/OEMiROT_S_Data_Image.xml --vb
Sat Aug 29 22:52:07 2026 : [INF] open file (/home/rajas/workspace/OEMiROT/OEMiROT_Boot/STM32CubeIDE/image_macros_preprocessed_bl2.c)
Sat Aug 29 22:52:07 2026 : [INF] Opening the '/home/rajas/workspace/OEMiROT/OEMiROT_Boot/STM32CubeIDE/image_macros_preprocessed_bl2.c' file
Sat Aug 29 22:52:07 2026 : [INF] The value computed for 'RE_FLASH_AREA_SCRATCH_SIZE' is '0x10000'
Sat Aug 29 22:52:07 2026 : [INF] Value to be used 65536
Sat Aug 29 22:52:07 2026 : [INF] Opening the '/home/rajas/workspace/OEMiROT/OEMiROT_Boot/STM32CubeIDE/../../OEMiROT_Appli_TrustZone/ROT_Provisioning/OEMiROT/Images/OEMiROT_S_Data_Image.xml' file
Sat Aug 29 22:52:07 2026 : [INF] Searching the parameter with <Name>Number of scratch sectors</Name> element
Sat Aug 29 22:52:07 2026 : [INF] Parameter found. Verifying information of '<Value>1</Value>'
Sat Aug 29 22:52:07 2026 : [INF] The tag <Value> content was updated to '65536'
Sat Aug 29 22:52:07 2026 : [INF] Saving xml modifications
Sat Aug 29 22:52:07 2026 : [INF] ############## Executing xmlval command ##############
Sat Aug 29 22:52:07 2026 : [INF] /home/rajas/STM32Cube/Repository/STM32Cube_FW_H5_V1.7.0/Utilities/PC_Software/ROT_AppliConfig/AppliCfg.py xmlval -xml /home/rajas/workspace/OEMiROT/OEMiROT_Boot/STM32CubeIDE/../../OEMiROT_Appli_TrustZone/ROT_Provisioning/OEMiROT/Images/OEMiROT_S_Data_Image.xml -nxml Data download slot size -nxml Number of scratch sectors --decimal -e (((val1+1)/val2)+1) -cond val2 -c M /home/rajas/workspace/OEMiROT/OEMiROT_Boot/STM32CubeIDE/../../OEMiROT_Appli_TrustZone/ROT_Provisioning/OEMiROT/Images/OEMiROT_S_Data_Image.xml --vb
Sat Aug 29 22:52:07 2026 : [INF] Opening the '/home/rajas/workspace/OEMiROT/OEMiROT_Boot/STM32CubeIDE/../../OEMiROT_Appli_TrustZone/ROT_Provisioning/OEMiROT/Images/OEMiROT_S_Data_Image.xml' file
Sat Aug 29 22:52:07 2026 : [INF] Search xml_name
Sat Aug 29 22:52:07 2026 : [INF] Searching the parameter with <Name>Data download slot size</Name>
Sat Aug 29 22:52:07 2026 : [INF] Parameter found. Extracting information from '<Value>0x2000</Value>'
Sat Aug 29 22:52:07 2026 : [INF] The content recovered is '0x2000'
Sat Aug 29 22:52:07 2026 : [INF] Searching the parameter with <Name>Number of scratch sectors</Name>
Sat Aug 29 22:52:07 2026 : [INF] Parameter found. Extracting information from '<Value>65536</Value>'
Sat Aug 29 22:52:07 2026 : [INF] The content recovered is '65536'
Sat Aug 29 22:52:07 2026 : [INF] Condition to be computed 'val2' 
Sat Aug 29 22:52:07 2026 : [INF] Condition patterns were replaced to '65536' 
Sat Aug 29 22:52:07 2026 : [INF] Expression to be computed '(((val1+1)/val2)+1)' 
Sat Aug 29 22:52:07 2026 : [INF] Expression patterns were replaced to '(((8192+1)/65536)+1)' 
Sat Aug 29 22:52:07 2026 : [INF] Value to be used 1
Sat Aug 29 22:52:07 2026 : [INF] Opening the '/home/rajas/workspace/OEMiROT/OEMiROT_Boot/STM32CubeIDE/../../OEMiROT_Appli_TrustZone/ROT_Provisioning/OEMiROT/Images/OEMiROT_S_Data_Image.xml' file
Sat Aug 29 22:52:07 2026 : [INF] Searching the parameter with <Command>M</Command> element
Sat Aug 29 22:52:07 2026 : [INF] Parameter found. Verifying information of '<Value>65536</Value>'
Sat Aug 29 22:52:07 2026 : [INF] The tag <Value> content was updated to '1'
Sat Aug 29 22:52:07 2026 : [INF] Saving xml modifications
Sat Aug 29 22:52:07 2026 : [INF] ############## Executing xmlval command ##############
Sat Aug 29 22:52:07 2026 : [INF] /home/rajas/STM32Cube/Repository/STM32Cube_FW_H5_V1.7.0/Utilities/PC_Software/ROT_AppliConfig/AppliCfg.py xmlval --layout /home/rajas/workspace/OEMiROT/OEMiROT_Boot/STM32CubeIDE/image_macros_preprocessed_bl2.c -m RE_FLASH_AREA_SCRATCH_SIZE -n Number of scratch sectors --decimal /home/rajas/workspace/OEMiROT/OEMiROT_Boot/STM32CubeIDE/../../OEMiROT_Appli_TrustZone/ROT_Provisioning/OEMiROT/Images/OEMiROT_NS_Data_Image.xml --vb
Sat Aug 29 22:52:07 2026 : [INF] open file (/home/rajas/workspace/OEMiROT/OEMiROT_Boot/STM32CubeIDE/image_macros_preprocessed_bl2.c)
Sat Aug 29 22:52:07 2026 : [INF] Opening the '/home/rajas/workspace/OEMiROT/OEMiROT_Boot/STM32CubeIDE/image_macros_preprocessed_bl2.c' file
Sat Aug 29 22:52:07 2026 : [INF] The value computed for 'RE_FLASH_AREA_SCRATCH_SIZE' is '0x10000'
Sat Aug 29 22:52:07 2026 : [INF] Value to be used 65536
Sat Aug 29 22:52:07 2026 : [INF] Opening the '/home/rajas/workspace/OEMiROT/OEMiROT_Boot/STM32CubeIDE/../../OEMiROT_Appli_TrustZone/ROT_Provisioning/OEMiROT/Images/OEMiROT_NS_Data_Image.xml' file
Sat Aug 29 22:52:07 2026 : [INF] Searching the parameter with <Name>Number of scratch sectors</Name> element
Sat Aug 29 22:52:07 2026 : [INF] Parameter found. Verifying information of '<Value>1</Value>'
Sat Aug 29 22:52:07 2026 : [INF] The tag <Value> content was updated to '65536'
Sat Aug 29 22:52:07 2026 : [INF] Saving xml modifications
Sat Aug 29 22:52:08 2026 : [INF] ############## Executing xmlval command ##############
Sat Aug 29 22:52:08 2026 : [INF] /home/rajas/STM32Cube/Repository/STM32Cube_FW_H5_V1.7.0/Utilities/PC_Software/ROT_AppliConfig/AppliCfg.py xmlval -xml /home/rajas/workspace/OEMiROT/OEMiROT_Boot/STM32CubeIDE/../../OEMiROT_Appli_TrustZone/ROT_Provisioning/OEMiROT/Images/OEMiROT_NS_Data_Image.xml -nxml Data download slot size -nxml Number of scratch sectors --decimal -e (((val1+1)/val2)+1) -cond val2 -c M /home/rajas/workspace/OEMiROT/OEMiROT_Boot/STM32CubeIDE/../../OEMiROT_Appli_TrustZone/ROT_Provisioning/OEMiROT/Images/OEMiROT_NS_Data_Image.xml --vb
Sat Aug 29 22:52:08 2026 : [INF] Opening the '/home/rajas/workspace/OEMiROT/OEMiROT_Boot/STM32CubeIDE/../../OEMiROT_Appli_TrustZone/ROT_Provisioning/OEMiROT/Images/OEMiROT_NS_Data_Image.xml' file
Sat Aug 29 22:52:08 2026 : [INF] Search xml_name
Sat Aug 29 22:52:08 2026 : [INF] Searching the parameter with <Name>Data download slot size</Name>
Sat Aug 29 22:52:08 2026 : [INF] Parameter found. Extracting information from '<Value>0x2000</Value>'
Sat Aug 29 22:52:08 2026 : [INF] The content recovered is '0x2000'
Sat Aug 29 22:52:08 2026 : [INF] Searching the parameter with <Name>Number of scratch sectors</Name>
Sat Aug 29 22:52:08 2026 : [INF] Parameter found. Extracting information from '<Value>65536</Value>'
Sat Aug 29 22:52:08 2026 : [INF] The content recovered is '65536'
Sat Aug 29 22:52:08 2026 : [INF] Condition to be computed 'val2' 
Sat Aug 29 22:52:08 2026 : [INF] Condition patterns were replaced to '65536' 
Sat Aug 29 22:52:08 2026 : [INF] Expression to be computed '(((val1+1)/val2)+1)' 
Sat Aug 29 22:52:08 2026 : [INF] Expression patterns were replaced to '(((8192+1)/65536)+1)' 
Sat Aug 29 22:52:08 2026 : [INF] Value to be used 1
Sat Aug 29 22:52:08 2026 : [INF] Opening the '/home/rajas/workspace/OEMiROT/OEMiROT_Boot/STM32CubeIDE/../../OEMiROT_Appli_TrustZone/ROT_Provisioning/OEMiROT/Images/OEMiROT_NS_Data_Image.xml' file
Sat Aug 29 22:52:08 2026 : [INF] Searching the parameter with <Command>M</Command> element
Sat Aug 29 22:52:08 2026 : [INF] Parameter found. Verifying information of '<Value>65536</Value>'
Sat Aug 29 22:52:08 2026 : [INF] The tag <Value> content was updated to '1'
Sat Aug 29 22:52:08 2026 : [INF] Saving xml modifications
Sat Aug 29 22:52:08 2026 : [INF] ############## Executing xmlval command ##############
Sat Aug 29 22:52:08 2026 : [INF] /home/rajas/STM32Cube/Repository/STM32Cube_FW_H5_V1.7.0/Utilities/PC_Software/ROT_AppliConfig/AppliCfg.py xmlval -xml /home/rajas/workspace/OEMiROT/OEMiROT_Boot/STM32CubeIDE/../../OEMiROT_Appli_TrustZone/ROT_Provisioning/OEMiROT/Images/OEMiROT_NS_Code_Image.xml -nxml Firmware area size -nxml Number of scratch sectors --decimal -e (((val1+1)/val2)+1) -cond val2 -c M /home/rajas/workspace/OEMiROT/OEMiROT_Boot/STM32CubeIDE/../../OEMiROT_Appli_TrustZone/ROT_Provisioning/OEMiROT/Images/OEMiROT_NS_Code_Image.xml --vb
Sat Aug 29 22:52:08 2026 : [INF] Opening the '/home/rajas/workspace/OEMiROT/OEMiROT_Boot/STM32CubeIDE/../../OEMiROT_Appli_TrustZone/ROT_Provisioning/OEMiROT/Images/OEMiROT_NS_Code_Image.xml' file
Sat Aug 29 22:52:08 2026 : [INF] Search xml_name
Sat Aug 29 22:52:08 2026 : [INF] Searching the parameter with <Name>Firmware area size</Name>
Sat Aug 29 22:52:08 2026 : [INF] Parameter found. Extracting information from '<Value>0xA0000</Value>'
Sat Aug 29 22:52:08 2026 : [INF] The content recovered is '0xA0000'
Sat Aug 29 22:52:08 2026 : [INF] Searching the parameter with <Name>Number of scratch sectors</Name>
Sat Aug 29 22:52:08 2026 : [INF] Parameter found. Extracting information from '<Value>65536</Value>'
Sat Aug 29 22:52:08 2026 : [INF] The content recovered is '65536'
Sat Aug 29 22:52:08 2026 : [INF] Condition to be computed 'val2' 
Sat Aug 29 22:52:08 2026 : [INF] Condition patterns were replaced to '65536' 
Sat Aug 29 22:52:08 2026 : [INF] Expression to be computed '(((val1+1)/val2)+1)' 
Sat Aug 29 22:52:08 2026 : [INF] Expression patterns were replaced to '(((655360+1)/65536)+1)' 
Sat Aug 29 22:52:08 2026 : [INF] Value to be used 11
Sat Aug 29 22:52:08 2026 : [INF] Opening the '/home/rajas/workspace/OEMiROT/OEMiROT_Boot/STM32CubeIDE/../../OEMiROT_Appli_TrustZone/ROT_Provisioning/OEMiROT/Images/OEMiROT_NS_Code_Image.xml' file
Sat Aug 29 22:52:08 2026 : [INF] Searching the parameter with <Command>M</Command> element
Sat Aug 29 22:52:08 2026 : [INF] Parameter found. Verifying information of '<Value>65536</Value>'
Sat Aug 29 22:52:08 2026 : [INF] The tag <Value> content was updated to '11'
Sat Aug 29 22:52:08 2026 : [INF] Saving xml modifications
Sat Aug 29 22:52:08 2026 : [INF] ############## Executing xmlval command ##############
Sat Aug 29 22:52:08 2026 : [INF] /home/rajas/STM32Cube/Repository/STM32Cube_FW_H5_V1.7.0/Utilities/PC_Software/ROT_AppliConfig/AppliCfg.py xmlval --layout /home/rajas/workspace/OEMiROT/OEMiROT_Boot/STM32CubeIDE/image_macros_preprocessed_bl2.c -m RE_IMAGE_FLASH_SECURE_IMAGE_SIZE -c S /home/rajas/workspace/OEMiROT/OEMiROT_Boot/STM32CubeIDE/../../OEMiROT_Appli_TrustZone/ROT_Provisioning/OEMiROT/Images/OEMiROT_S_Code_Init_Image.xml --vb
Sat Aug 29 22:52:08 2026 : [INF] open file (/home/rajas/workspace/OEMiROT/OEMiROT_Boot/STM32CubeIDE/image_macros_preprocessed_bl2.c)
Sat Aug 29 22:52:08 2026 : [INF] Opening the '/home/rajas/workspace/OEMiROT/OEMiROT_Boot/STM32CubeIDE/image_macros_preprocessed_bl2.c' file
Sat Aug 29 22:52:08 2026 : [INF] The value computed for 'RE_IMAGE_FLASH_SECURE_IMAGE_SIZE' is '0x6000'
Sat Aug 29 22:52:08 2026 : [INF] Value to be used 0x6000
Sat Aug 29 22:52:08 2026 : [INF] Opening the '/home/rajas/workspace/OEMiROT/OEMiROT_Boot/STM32CubeIDE/../../OEMiROT_Appli_TrustZone/ROT_Provisioning/OEMiROT/Images/OEMiROT_S_Code_Init_Image.xml' file
Sat Aug 29 22:52:08 2026 : [INF] Searching the parameter with <Command>S</Command> element
Sat Aug 29 22:52:08 2026 : [INF] Parameter found. Verifying information of '<Value>0x6000</Value>'
Sat Aug 29 22:52:08 2026 : [INF] The modification is not necessary
Sat Aug 29 22:52:08 2026 : [INF] The tag <Value> has already the correct content (0x6000)
Sat Aug 29 22:52:08 2026 : [INF] ############## Executing xmlval command ##############
Sat Aug 29 22:52:08 2026 : [INF] /home/rajas/STM32Cube/Repository/STM32Cube_FW_H5_V1.7.0/Utilities/PC_Software/ROT_AppliConfig/AppliCfg.py xmlval --layout /home/rajas/workspace/OEMiROT/OEMiROT_Boot/STM32CubeIDE/image_macros_preprocessed_bl2.c -m RE_IMAGE_FLASH_NON_SECURE_IMAGE_SIZE -c S /home/rajas/workspace/OEMiROT/OEMiROT_Boot/STM32CubeIDE/../../OEMiROT_Appli_TrustZone/ROT_Provisioning/OEMiROT/Images/OEMiROT_NS_Code_Init_Image.xml --vb
Sat Aug 29 22:52:08 2026 : [INF] open file (/home/rajas/workspace/OEMiROT/OEMiROT_Boot/STM32CubeIDE/image_macros_preprocessed_bl2.c)
Sat Aug 29 22:52:08 2026 : [INF] Opening the '/home/rajas/workspace/OEMiROT/OEMiROT_Boot/STM32CubeIDE/image_macros_preprocessed_bl2.c' file
Sat Aug 29 22:52:08 2026 : [INF] The value computed for 'RE_IMAGE_FLASH_NON_SECURE_IMAGE_SIZE' is '0xa0000'
Sat Aug 29 22:52:08 2026 : [INF] Value to be used 0xA0000
Sat Aug 29 22:52:08 2026 : [INF] Opening the '/home/rajas/workspace/OEMiROT/OEMiROT_Boot/STM32CubeIDE/../../OEMiROT_Appli_TrustZone/ROT_Provisioning/OEMiROT/Images/OEMiROT_NS_Code_Init_Image.xml' file
Sat Aug 29 22:52:08 2026 : [INF] Searching the parameter with <Command>S</Command> element
Sat Aug 29 22:52:08 2026 : [INF] Parameter found. Verifying information of '<Value>0xA0000</Value>'
Sat Aug 29 22:52:08 2026 : [INF] The modification is not necessary
Sat Aug 29 22:52:08 2026 : [INF] The tag <Value> has already the correct content (0xA0000)
Sat Aug 29 22:52:08 2026 : [INF] ############## Executing xmlval command ##############
Sat Aug 29 22:52:08 2026 : [INF] /home/rajas/STM32Cube/Repository/STM32Cube_FW_H5_V1.7.0/Utilities/PC_Software/ROT_AppliConfig/AppliCfg.py xmlval --layout /home/rajas/workspace/OEMiROT/OEMiROT_Boot/STM32CubeIDE/image_macros_preprocessed_bl2.c -m RE_IMAGE_FLASH_SECURE_DATA_IMAGE_SIZE -c S /home/rajas/workspace/OEMiROT/OEMiROT_Boot/STM32CubeIDE/../../OEMiROT_Appli_TrustZone/ROT_Provisioning/OEMiROT/Images/OEMiROT_S_Data_Init_Image.xml --vb
Sat Aug 29 22:52:08 2026 : [INF] open file (/home/rajas/workspace/OEMiROT/OEMiROT_Boot/STM32CubeIDE/image_macros_preprocessed_bl2.c)
Sat Aug 29 22:52:08 2026 : [INF] Opening the '/home/rajas/workspace/OEMiROT/OEMiROT_Boot/STM32CubeIDE/image_macros_preprocessed_bl2.c' file
Sat Aug 29 22:52:08 2026 : [INF] The value computed for 'RE_IMAGE_FLASH_SECURE_DATA_IMAGE_SIZE' is '0x2000'
Sat Aug 29 22:52:08 2026 : [INF] Value to be used 0x2000
Sat Aug 29 22:52:08 2026 : [INF] Opening the '/home/rajas/workspace/OEMiROT/OEMiROT_Boot/STM32CubeIDE/../../OEMiROT_Appli_TrustZone/ROT_Provisioning/OEMiROT/Images/OEMiROT_S_Data_Init_Image.xml' file
Sat Aug 29 22:52:08 2026 : [INF] Searching the parameter with <Command>S</Command> element
Sat Aug 29 22:52:08 2026 : [INF] Parameter found. Verifying information of '<Value>0x2000</Value>'
Sat Aug 29 22:52:08 2026 : [INF] The modification is not necessary
Sat Aug 29 22:52:08 2026 : [INF] The tag <Value> has already the correct content (0x2000)
Sat Aug 29 22:52:08 2026 : [INF] ############## Executing xmlval command ##############
Sat Aug 29 22:52:08 2026 : [INF] /home/rajas/STM32Cube/Repository/STM32Cube_FW_H5_V1.7.0/Utilities/PC_Software/ROT_AppliConfig/AppliCfg.py xmlval --layout /home/rajas/workspace/OEMiROT/OEMiROT_Boot/STM32CubeIDE/image_macros_preprocessed_bl2.c -m RE_IMAGE_FLASH_NON_SECURE_DATA_IMAGE_SIZE -c S /home/rajas/workspace/OEMiROT/OEMiROT_Boot/STM32CubeIDE/../../OEMiROT_Appli_TrustZone/ROT_Provisioning/OEMiROT/Images/OEMiROT_NS_Data_Init_Image.xml --vb
Sat Aug 29 22:52:08 2026 : [INF] open file (/home/rajas/workspace/OEMiROT/OEMiROT_Boot/STM32CubeIDE/image_macros_preprocessed_bl2.c)
Sat Aug 29 22:52:08 2026 : [INF] Opening the '/home/rajas/workspace/OEMiROT/OEMiROT_Boot/STM32CubeIDE/image_macros_preprocessed_bl2.c' file
Sat Aug 29 22:52:08 2026 : [INF] The value computed for 'RE_IMAGE_FLASH_NON_SECURE_DATA_IMAGE_SIZE' is '0x2000'
Sat Aug 29 22:52:08 2026 : [INF] Value to be used 0x2000
Sat Aug 29 22:52:08 2026 : [INF] Opening the '/home/rajas/workspace/OEMiROT/OEMiROT_Boot/STM32CubeIDE/../../OEMiROT_Appli_TrustZone/ROT_Provisioning/OEMiROT/Images/OEMiROT_NS_Data_Init_Image.xml' file
Sat Aug 29 22:52:08 2026 : [INF] Searching the parameter with <Command>S</Command> element
Sat Aug 29 22:52:08 2026 : [INF] Parameter found. Verifying information of '<Value>0x2000</Value>'
Sat Aug 29 22:52:08 2026 : [INF] The modification is not necessary
Sat Aug 29 22:52:08 2026 : [INF] The tag <Value> has already the correct content (0x2000)
Sat Aug 29 22:52:09 2026 : [INF] ############## Executing xmlparam command ##############
Sat Aug 29 22:52:09 2026 : [INF] /home/rajas/STM32Cube/Repository/STM32Cube_FW_H5_V1.7.0/Utilities/PC_Software/ROT_AppliConfig/AppliCfg.py xmlparam --option add -n Clear -t Data -c -c -h 1 -d  /home/rajas/workspace/OEMiROT/OEMiROT_Boot/STM32CubeIDE/../../OEMiROT_Appli_TrustZone/ROT_Provisioning/OEMiROT/Images/OEMiROT_S_Code_Init_Image.xml --vb
Sat Aug 29 22:52:09 2026 : [INF] option add
Sat Aug 29 22:52:09 2026 : [INF] Opening the '/home/rajas/workspace/OEMiROT/OEMiROT_Boot/STM32CubeIDE/../../OEMiROT_Appli_TrustZone/ROT_Provisioning/OEMiROT/Images/OEMiROT_S_Code_Init_Image.xml' file
Sat Aug 29 22:52:09 2026 : [INF] Parameter found. Extracting information from '<Command>-c</Command>'
Sat Aug 29 22:52:09 2026 : [INF] The content recovered is '-c'
Sat Aug 29 22:52:09 2026 : [INF] Parameter already exists
Sat Aug 29 22:52:09 2026 : [INF] ############## Executing xmlparam command ##############
Sat Aug 29 22:52:09 2026 : [INF] /home/rajas/STM32Cube/Repository/STM32Cube_FW_H5_V1.7.0/Utilities/PC_Software/ROT_AppliConfig/AppliCfg.py xmlparam --option add -n Confirm -t Data -c --confirm -h 1 -d  /home/rajas/workspace/OEMiROT/OEMiROT_Boot/STM32CubeIDE/../../OEMiROT_Appli_TrustZone/ROT_Provisioning/OEMiROT/Images/OEMiROT_S_Code_Init_Image.xml --vb
Sat Aug 29 22:52:09 2026 : [INF] option add
Sat Aug 29 22:52:09 2026 : [INF] Opening the '/home/rajas/workspace/OEMiROT/OEMiROT_Boot/STM32CubeIDE/../../OEMiROT_Appli_TrustZone/ROT_Provisioning/OEMiROT/Images/OEMiROT_S_Code_Init_Image.xml' file
Sat Aug 29 22:52:09 2026 : [INF] Parameter found. Extracting information from '<Command>--confirm</Command>'
Sat Aug 29 22:52:09 2026 : [INF] The content recovered is '--confirm'
Sat Aug 29 22:52:09 2026 : [INF] Parameter already exists
Sat Aug 29 22:52:09 2026 : [INF] ############## Executing xmlname command ##############
Sat Aug 29 22:52:09 2026 : [INF] /home/rajas/STM32Cube/Repository/STM32Cube_FW_H5_V1.7.0/Utilities/PC_Software/ROT_AppliConfig/AppliCfg.py xmlname -n Firmware execution area offset -c x /home/rajas/workspace/OEMiROT/OEMiROT_Boot/STM32CubeIDE/../../OEMiROT_Appli_TrustZone/ROT_Provisioning/OEMiROT/Images/OEMiROT_S_Code_Init_Image.xml --vb
Sat Aug 29 22:52:09 2026 : [INF] Opening the '/home/rajas/workspace/OEMiROT/OEMiROT_Boot/STM32CubeIDE/../../OEMiROT_Appli_TrustZone/ROT_Provisioning/OEMiROT/Images/OEMiROT_S_Code_Init_Image.xml' file
Sat Aug 29 22:52:09 2026 : [INF] Searching the parameter with <Command>x</Command> element
Sat Aug 29 22:52:09 2026 : [INF] Parameter found. Verifying information of '<Name>Firmware execution area offset</Name>'
Sat Aug 29 22:52:09 2026 : [INF] The modification is not necessary
Sat Aug 29 22:52:09 2026 : [INF] The tag <Name> has already the correct content (Firmware execution area offset)
Sat Aug 29 22:52:09 2026 : [INF] ############## Executing xmlval command ##############
Sat Aug 29 22:52:09 2026 : [INF] /home/rajas/STM32Cube/Repository/STM32Cube_FW_H5_V1.7.0/Utilities/PC_Software/ROT_AppliConfig/AppliCfg.py xmlval --layout /home/rajas/workspace/OEMiROT/OEMiROT_Boot/STM32CubeIDE/image_macros_preprocessed_bl2.c -m RE_IMAGE_FLASH_ADDRESS_SECURE -c x /home/rajas/workspace/OEMiROT/OEMiROT_Boot/STM32CubeIDE/../../OEMiROT_Appli_TrustZone/ROT_Provisioning/OEMiROT/Images/OEMiROT_S_Code_Init_Image.xml --vb
Sat Aug 29 22:52:09 2026 : [INF] open file (/home/rajas/workspace/OEMiROT/OEMiROT_Boot/STM32CubeIDE/image_macros_preprocessed_bl2.c)
Sat Aug 29 22:52:09 2026 : [INF] Opening the '/home/rajas/workspace/OEMiROT/OEMiROT_Boot/STM32CubeIDE/image_macros_preprocessed_bl2.c' file
Sat Aug 29 22:52:09 2026 : [INF] The value computed for 'RE_IMAGE_FLASH_ADDRESS_SECURE' is '0x802a000'
Sat Aug 29 22:52:09 2026 : [INF] Value to be used 0x802A000
Sat Aug 29 22:52:09 2026 : [INF] Opening the '/home/rajas/workspace/OEMiROT/OEMiROT_Boot/STM32CubeIDE/../../OEMiROT_Appli_TrustZone/ROT_Provisioning/OEMiROT/Images/OEMiROT_S_Code_Init_Image.xml' file
Sat Aug 29 22:52:09 2026 : [INF] Searching the parameter with <Command>x</Command> element
Sat Aug 29 22:52:09 2026 : [INF] Parameter found. Verifying information of '<Value>0x802A000</Value>'
Sat Aug 29 22:52:09 2026 : [INF] The modification is not necessary
Sat Aug 29 22:52:09 2026 : [INF] The tag <Value> has already the correct content (0x802A000)
Sat Aug 29 22:52:09 2026 : [INF] ############## Executing xmlparam command ##############
Sat Aug 29 22:52:09 2026 : [INF] /home/rajas/STM32Cube/Repository/STM32Cube_FW_H5_V1.7.0/Utilities/PC_Software/ROT_AppliConfig/AppliCfg.py xmlparam --option add -n Clear -t Data -c -c -h 1 -d  /home/rajas/workspace/OEMiROT/OEMiROT_Boot/STM32CubeIDE/../../OEMiROT_Appli_TrustZone/ROT_Provisioning/OEMiROT/Images/OEMiROT_NS_Code_Init_Image.xml --vb
Sat Aug 29 22:52:09 2026 : [INF] option add
Sat Aug 29 22:52:09 2026 : [INF] Opening the '/home/rajas/workspace/OEMiROT/OEMiROT_Boot/STM32CubeIDE/../../OEMiROT_Appli_TrustZone/ROT_Provisioning/OEMiROT/Images/OEMiROT_NS_Code_Init_Image.xml' file
Sat Aug 29 22:52:09 2026 : [INF] Parameter found. Extracting information from '<Command>-c</Command>'
Sat Aug 29 22:52:09 2026 : [INF] The content recovered is '-c'
Sat Aug 29 22:52:09 2026 : [INF] Parameter already exists
Sat Aug 29 22:52:09 2026 : [INF] ############## Executing xmlparam command ##############
Sat Aug 29 22:52:09 2026 : [INF] /home/rajas/STM32Cube/Repository/STM32Cube_FW_H5_V1.7.0/Utilities/PC_Software/ROT_AppliConfig/AppliCfg.py xmlparam --option add -n Confirm -t Data -c --confirm -h 1 -d  /home/rajas/workspace/OEMiROT/OEMiROT_Boot/STM32CubeIDE/../../OEMiROT_Appli_TrustZone/ROT_Provisioning/OEMiROT/Images/OEMiROT_NS_Code_Init_Image.xml --vb
Sat Aug 29 22:52:09 2026 : [INF] option add
Sat Aug 29 22:52:09 2026 : [INF] Opening the '/home/rajas/workspace/OEMiROT/OEMiROT_Boot/STM32CubeIDE/../../OEMiROT_Appli_TrustZone/ROT_Provisioning/OEMiROT/Images/OEMiROT_NS_Code_Init_Image.xml' file
Sat Aug 29 22:52:09 2026 : [INF] Parameter found. Extracting information from '<Command>--confirm</Command>'
Sat Aug 29 22:52:09 2026 : [INF] The content recovered is '--confirm'
Sat Aug 29 22:52:09 2026 : [INF] Parameter already exists
Sat Aug 29 22:52:10 2026 : [INF] ############## Executing xmlname command ##############
Sat Aug 29 22:52:10 2026 : [INF] /home/rajas/STM32Cube/Repository/STM32Cube_FW_H5_V1.7.0/Utilities/PC_Software/ROT_AppliConfig/AppliCfg.py xmlname -n Firmware execution area offset -c x /home/rajas/workspace/OEMiROT/OEMiROT_Boot/STM32CubeIDE/../../OEMiROT_Appli_TrustZone/ROT_Provisioning/OEMiROT/Images/OEMiROT_NS_Code_Init_Image.xml --vb
Sat Aug 29 22:52:10 2026 : [INF] Opening the '/home/rajas/workspace/OEMiROT/OEMiROT_Boot/STM32CubeIDE/../../OEMiROT_Appli_TrustZone/ROT_Provisioning/OEMiROT/Images/OEMiROT_NS_Code_Init_Image.xml' file
Sat Aug 29 22:52:10 2026 : [INF] Searching the parameter with <Command>x</Command> element
Sat Aug 29 22:52:10 2026 : [INF] Parameter found. Verifying information of '<Name>Firmware execution area offset</Name>'
Sat Aug 29 22:52:10 2026 : [INF] The modification is not necessary
Sat Aug 29 22:52:10 2026 : [INF] The tag <Name> has already the correct content (Firmware execution area offset)
Sat Aug 29 22:52:10 2026 : [INF] ############## Executing xmlval command ##############
Sat Aug 29 22:52:10 2026 : [INF] /home/rajas/STM32Cube/Repository/STM32Cube_FW_H5_V1.7.0/Utilities/PC_Software/ROT_AppliConfig/AppliCfg.py xmlval --layout /home/rajas/workspace/OEMiROT/OEMiROT_Boot/STM32CubeIDE/image_macros_preprocessed_bl2.c -m RE_IMAGE_FLASH_ADDRESS_NON_SECURE -sm RE_IMAGE_FLASH_ADDRESS_SECURE -v 0 -c x /home/rajas/workspace/OEMiROT/OEMiROT_Boot/STM32CubeIDE/../../OEMiROT_Appli_TrustZone/ROT_Provisioning/OEMiROT/Images/OEMiROT_NS_Code_Init_Image.xml --vb
Sat Aug 29 22:52:10 2026 : [INF] open file (/home/rajas/workspace/OEMiROT/OEMiROT_Boot/STM32CubeIDE/image_macros_preprocessed_bl2.c)
Sat Aug 29 22:52:10 2026 : [INF] Opening the '/home/rajas/workspace/OEMiROT/OEMiROT_Boot/STM32CubeIDE/image_macros_preprocessed_bl2.c' file
Sat Aug 29 22:52:10 2026 : [INF] The value computed for 'RE_IMAGE_FLASH_ADDRESS_NON_SECURE' is '0x8030000'
Sat Aug 29 22:52:10 2026 : [INF] Value to be used 0x8030000
Sat Aug 29 22:52:10 2026 : [INF] Opening the '/home/rajas/workspace/OEMiROT/OEMiROT_Boot/STM32CubeIDE/../../OEMiROT_Appli_TrustZone/ROT_Provisioning/OEMiROT/Images/OEMiROT_NS_Code_Init_Image.xml' file
Sat Aug 29 22:52:10 2026 : [INF] Searching the parameter with <Command>x</Command> element
Sat Aug 29 22:52:10 2026 : [INF] Parameter found. Verifying information of '<Value>0x8030000</Value>'
Sat Aug 29 22:52:10 2026 : [INF] The modification is not necessary
Sat Aug 29 22:52:10 2026 : [INF] The tag <Value> has already the correct content (0x8030000)
Sat Aug 29 22:52:10 2026 : [INF] ############## Executing xmlparam command ##############
Sat Aug 29 22:52:10 2026 : [INF] /home/rajas/STM32Cube/Repository/STM32Cube_FW_H5_V1.7.0/Utilities/PC_Software/ROT_AppliConfig/AppliCfg.py xmlparam --option add -n Clear -t Data -c -c -h 1 -d  /home/rajas/workspace/OEMiROT/OEMiROT_Boot/STM32CubeIDE/../../OEMiROT_Appli_TrustZone/ROT_Provisioning/OEMiROT/Images/OEMiROT_S_Data_Init_Image.xml --vb
Sat Aug 29 22:52:10 2026 : [INF] option add
Sat Aug 29 22:52:10 2026 : [INF] Opening the '/home/rajas/workspace/OEMiROT/OEMiROT_Boot/STM32CubeIDE/../../OEMiROT_Appli_TrustZone/ROT_Provisioning/OEMiROT/Images/OEMiROT_S_Data_Init_Image.xml' file
Sat Aug 29 22:52:10 2026 : [INF] Parameter found. Extracting information from '<Command>-c</Command>'
Sat Aug 29 22:52:10 2026 : [INF] The content recovered is '-c'
Sat Aug 29 22:52:10 2026 : [INF] Parameter already exists
Sat Aug 29 22:52:10 2026 : [INF] ############## Executing xmlparam command ##############
Sat Aug 29 22:52:10 2026 : [INF] /home/rajas/STM32Cube/Repository/STM32Cube_FW_H5_V1.7.0/Utilities/PC_Software/ROT_AppliConfig/AppliCfg.py xmlparam --option add -n Confirm -t Data -c --confirm -h 1 -d  /home/rajas/workspace/OEMiROT/OEMiROT_Boot/STM32CubeIDE/../../OEMiROT_Appli_TrustZone/ROT_Provisioning/OEMiROT/Images/OEMiROT_S_Data_Init_Image.xml --vb
Sat Aug 29 22:52:10 2026 : [INF] option add
Sat Aug 29 22:52:10 2026 : [INF] Opening the '/home/rajas/workspace/OEMiROT/OEMiROT_Boot/STM32CubeIDE/../../OEMiROT_Appli_TrustZone/ROT_Provisioning/OEMiROT/Images/OEMiROT_S_Data_Init_Image.xml' file
Sat Aug 29 22:52:10 2026 : [INF] Parameter found. Extracting information from '<Command>--confirm</Command>'
Sat Aug 29 22:52:10 2026 : [INF] The content recovered is '--confirm'
Sat Aug 29 22:52:10 2026 : [INF] Parameter already exists
Sat Aug 29 22:52:10 2026 : [INF] ############## Executing xmlname command ##############
Sat Aug 29 22:52:10 2026 : [INF] /home/rajas/STM32Cube/Repository/STM32Cube_FW_H5_V1.7.0/Utilities/PC_Software/ROT_AppliConfig/AppliCfg.py xmlname -n Firmware execution area offset -c x /home/rajas/workspace/OEMiROT/OEMiROT_Boot/STM32CubeIDE/../../OEMiROT_Appli_TrustZone/ROT_Provisioning/OEMiROT/Images/OEMiROT_S_Data_Init_Image.xml --vb
Sat Aug 29 22:52:10 2026 : [INF] Opening the '/home/rajas/workspace/OEMiROT/OEMiROT_Boot/STM32CubeIDE/../../OEMiROT_Appli_TrustZone/ROT_Provisioning/OEMiROT/Images/OEMiROT_S_Data_Init_Image.xml' file
Sat Aug 29 22:52:10 2026 : [INF] Searching the parameter with <Command>x</Command> element
Sat Aug 29 22:52:10 2026 : [INF] Parameter found. Verifying information of '<Name>Firmware execution area offset</Name>'
Sat Aug 29 22:52:10 2026 : [INF] The modification is not necessary
Sat Aug 29 22:52:10 2026 : [INF] The tag <Name> has already the correct content (Firmware execution area offset)
Sat Aug 29 22:52:10 2026 : [INF] ############## Executing xmlval command ##############
Sat Aug 29 22:52:10 2026 : [INF] /home/rajas/STM32Cube/Repository/STM32Cube_FW_H5_V1.7.0/Utilities/PC_Software/ROT_AppliConfig/AppliCfg.py xmlval --layout /home/rajas/workspace/OEMiROT/OEMiROT_Boot/STM32CubeIDE/image_macros_preprocessed_bl2.c -m RE_IMAGE_FLASH_ADDRESS_DATA_SECURE -c x /home/rajas/workspace/OEMiROT/OEMiROT_Boot/STM32CubeIDE/../../OEMiROT_Appli_TrustZone/ROT_Provisioning/OEMiROT/Images/OEMiROT_S_Data_Init_Image.xml --vb
Sat Aug 29 22:52:10 2026 : [INF] open file (/home/rajas/workspace/OEMiROT/OEMiROT_Boot/STM32CubeIDE/image_macros_preprocessed_bl2.c)
Sat Aug 29 22:52:10 2026 : [INF] Opening the '/home/rajas/workspace/OEMiROT/OEMiROT_Boot/STM32CubeIDE/image_macros_preprocessed_bl2.c' file
Sat Aug 29 22:52:10 2026 : [INF] The value computed for 'RE_IMAGE_FLASH_ADDRESS_DATA_SECURE' is '0x8028000'
Sat Aug 29 22:52:10 2026 : [INF] Value to be used 0x8028000
Sat Aug 29 22:52:10 2026 : [INF] Opening the '/home/rajas/workspace/OEMiROT/OEMiROT_Boot/STM32CubeIDE/../../OEMiROT_Appli_TrustZone/ROT_Provisioning/OEMiROT/Images/OEMiROT_S_Data_Init_Image.xml' file
Sat Aug 29 22:52:10 2026 : [INF] Searching the parameter with <Command>x</Command> element
Sat Aug 29 22:52:10 2026 : [INF] Parameter found. Verifying information of '<Value>0x8028000</Value>'
Sat Aug 29 22:52:10 2026 : [INF] The modification is not necessary
Sat Aug 29 22:52:10 2026 : [INF] The tag <Value> has already the correct content (0x8028000)
Sat Aug 29 22:52:10 2026 : [INF] ############## Executing xmlparam command ##############
Sat Aug 29 22:52:10 2026 : [INF] /home/rajas/STM32Cube/Repository/STM32Cube_FW_H5_V1.7.0/Utilities/PC_Software/ROT_AppliConfig/AppliCfg.py xmlparam --option add -n Clear -t Data -c -c -h 1 -d  /home/rajas/workspace/OEMiROT/OEMiROT_Boot/STM32CubeIDE/../../OEMiROT_Appli_TrustZone/ROT_Provisioning/OEMiROT/Images/OEMiROT_NS_Data_Init_Image.xml --vb
Sat Aug 29 22:52:10 2026 : [INF] option add
Sat Aug 29 22:52:10 2026 : [INF] Opening the '/home/rajas/workspace/OEMiROT/OEMiROT_Boot/STM32CubeIDE/../../OEMiROT_Appli_TrustZone/ROT_Provisioning/OEMiROT/Images/OEMiROT_NS_Data_Init_Image.xml' file
Sat Aug 29 22:52:10 2026 : [INF] Parameter found. Extracting information from '<Command>-c</Command>'
Sat Aug 29 22:52:10 2026 : [INF] The content recovered is '-c'
Sat Aug 29 22:52:10 2026 : [INF] Parameter already exists
Sat Aug 29 22:52:10 2026 : [INF] ############## Executing xmlparam command ##############
Sat Aug 29 22:52:10 2026 : [INF] /home/rajas/STM32Cube/Repository/STM32Cube_FW_H5_V1.7.0/Utilities/PC_Software/ROT_AppliConfig/AppliCfg.py xmlparam --option add -n Confirm -t Data -c --confirm -h 1 -d  /home/rajas/workspace/OEMiROT/OEMiROT_Boot/STM32CubeIDE/../../OEMiROT_Appli_TrustZone/ROT_Provisioning/OEMiROT/Images/OEMiROT_NS_Data_Init_Image.xml --vb
Sat Aug 29 22:52:10 2026 : [INF] option add
Sat Aug 29 22:52:10 2026 : [INF] Opening the '/home/rajas/workspace/OEMiROT/OEMiROT_Boot/STM32CubeIDE/../../OEMiROT_Appli_TrustZone/ROT_Provisioning/OEMiROT/Images/OEMiROT_NS_Data_Init_Image.xml' file
Sat Aug 29 22:52:10 2026 : [INF] Parameter found. Extracting information from '<Command>--confirm</Command>'
Sat Aug 29 22:52:10 2026 : [INF] The content recovered is '--confirm'
Sat Aug 29 22:52:10 2026 : [INF] Parameter already exists
Sat Aug 29 22:52:10 2026 : [INF] ############## Executing xmlname command ##############
Sat Aug 29 22:52:10 2026 : [INF] /home/rajas/STM32Cube/Repository/STM32Cube_FW_H5_V1.7.0/Utilities/PC_Software/ROT_AppliConfig/AppliCfg.py xmlname -n Firmware execution area offset -c x /home/rajas/workspace/OEMiROT/OEMiROT_Boot/STM32CubeIDE/../../OEMiROT_Appli_TrustZone/ROT_Provisioning/OEMiROT/Images/OEMiROT_NS_Data_Init_Image.xml --vb
Sat Aug 29 22:52:10 2026 : [INF] Opening the '/home/rajas/workspace/OEMiROT/OEMiROT_Boot/STM32CubeIDE/../../OEMiROT_Appli_TrustZone/ROT_Provisioning/OEMiROT/Images/OEMiROT_NS_Data_Init_Image.xml' file
Sat Aug 29 22:52:10 2026 : [INF] Searching the parameter with <Command>x</Command> element
Sat Aug 29 22:52:10 2026 : [INF] Parameter found. Verifying information of '<Name>Firmware execution area offset</Name>'
Sat Aug 29 22:52:10 2026 : [INF] The modification is not necessary
Sat Aug 29 22:52:10 2026 : [INF] The tag <Name> has already the correct content (Firmware execution area offset)
Sat Aug 29 22:52:10 2026 : [INF] ############## Executing xmlval command ##############
Sat Aug 29 22:52:10 2026 : [INF] /home/rajas/STM32Cube/Repository/STM32Cube_FW_H5_V1.7.0/Utilities/PC_Software/ROT_AppliConfig/AppliCfg.py xmlval --layout /home/rajas/workspace/OEMiROT/OEMiROT_Boot/STM32CubeIDE/image_macros_preprocessed_bl2.c -m RE_IMAGE_FLASH_ADDRESS_DATA_NON_SECURE -c x /home/rajas/workspace/OEMiROT/OEMiROT_Boot/STM32CubeIDE/../../OEMiROT_Appli_TrustZone/ROT_Provisioning/OEMiROT/Images/OEMiROT_NS_Data_Init_Image.xml --vb
Sat Aug 29 22:52:10 2026 : [INF] open file (/home/rajas/workspace/OEMiROT/OEMiROT_Boot/STM32CubeIDE/image_macros_preprocessed_bl2.c)
Sat Aug 29 22:52:10 2026 : [INF] Opening the '/home/rajas/workspace/OEMiROT/OEMiROT_Boot/STM32CubeIDE/image_macros_preprocessed_bl2.c' file
Sat Aug 29 22:52:10 2026 : [INF] The value computed for 'RE_IMAGE_FLASH_ADDRESS_DATA_NON_SECURE' is '0x80d0000'
Sat Aug 29 22:52:10 2026 : [INF] Value to be used 0x80D0000
Sat Aug 29 22:52:10 2026 : [INF] Opening the '/home/rajas/workspace/OEMiROT/OEMiROT_Boot/STM32CubeIDE/../../OEMiROT_Appli_TrustZone/ROT_Provisioning/OEMiROT/Images/OEMiROT_NS_Data_Init_Image.xml' file
Sat Aug 29 22:52:10 2026 : [INF] Searching the parameter with <Command>x</Command> element
Sat Aug 29 22:52:10 2026 : [INF] Parameter found. Verifying information of '<Value>0x80D0000</Value>'
Sat Aug 29 22:52:10 2026 : [INF] The modification is not necessary
Sat Aug 29 22:52:10 2026 : [INF] The tag <Value> has already the correct content (0x80D0000)
