:02000004080DE5
:108000003DB8F3960000000000040C00D092000080
:10801000040000000100000000000000000000005B
:10802000FFFFFFFFFFFFFFFFFFFFFFFFFFFFFFFF60
:10803000FFFFFFFFFFFFFFFFFFFFFFFFFFFFFFFF50
:10804000FFFFFFFFFFFFFFFFFFFFFFFFFFFFFFFF40
:10805000FFFFFFFFFFFFFFFFFFFFFFFFFFFFFFFF30
:10806000FFFFFFFFFFFFFFFFFFFFFFFFFFFFFFFF20
:10807000FFFFFFFFFFFFFFFFFFFFFFFFFFFFFFFF10
:10808000FFFFFFFFFFFFFFFFFFFFFFFFFFFFFFFF00
:10809000FFFFFFFFFFFFFFFFFFFFFFFFFFFFFFFFF0
:1080A000FFFFFFFFFFFFFFFFFFFFFFFFFFFFFFFFE0
:1080B000FFFFFFFFFFFFFFFFFFFFFFFFFFFFFFFFD0
:1080C000FFFFFFFFFFFFFFFFFFFFFFFFFFFFFFFFC0
:1080D000FFFFFFFFFFFFFFFFFFFFFFFFFFFFFFFFB0
:1080E000FFFFFFFFFFFFFFFFFFFFFFFFFFFFFFFFA0
:1080F000FFFFFFFFFFFFFFFFFFFFFFFFFFFFFFFF90
:10810000FFFFFFFFFFFFFFFFFFFFFFFFFFFFFFFF7F
:10811000FFFFFFFFFFFFFFFFFFFFFFFFFFFFFFFF6F
:10812000FFFFFFFFFFFFFFFFFFFFFFFFFFFFFFFF5F
:10813000FFFFFFFFFFFFFFFFFFFFFFFFFFFFFFFF4F
:10814000FFFFFFFFFFFFFFFFFFFFFFFFFFFFFFFF3F
:10815000FFFFFFFFFFFFFFFFFFFFFFFFFFFFFFFF2F
:10816000FFFFFFFFFFFFFFFFFFFFFFFFFFFFFFFF1F
:10817000FFFFFFFFFFFFFFFFFFFFFFFFFFFFFFFF0F
:10818000FFFFFFFFFFFFFFFFFFFFFFFFFFFFFFFFFF
:10819000FFFFFFFFFFFFFFFFFFFFFFFFFFFFFFFFEF
:1081A000FFFFFFFFFFFFFFFFFFFFFFFFFFFFFFFFDF
:1081B000FFFFFFFFFFFFFFFFFFFFFFFFFFFFFFFFCF
:1081C000FFFFFFFFFFFFFFFFFFFFFFFFFFFFFFFFBF
:1081D000FFFFFFFFFFFFFFFFFFFFFFFFFFFFFFFFAF
:1081E000FFFFFFFFFFFFFFFFFFFFFFFFFFFFFFFF9F
:1081F000FFFFFFFFFFFFFFFFFFFFFFFFFFFFFFFF8F
:10820000FFFFFFFFFFFFFFFFFFFFFFFFFFFFFFFF7E
:10821000FFFFFFFFFFFFFFFFFFFFFFFFFFFFFFFF6E
:10822000FFFFFFFFFFFFFFFFFFFFFFFFFFFFFFFF5E
:10823000FFFFFFFFFFFFFFFFFFFFFFFFFFFFFFFF4E
:10824000FFFFFFFFFFFFFFFFFFFFFFFFFFFFFFFF3E
:10825000FFFFFFFFFFFFFFFFFFFFFFFFFFFFFFFF2E
:10826000FFFFFFFFFFFFFFFFFFFFFFFFFFFFFFFF1E
:10827000FFFFFFFFFFFFFFFFFFFFFFFFFFFFFFFF0E
:10828000FFFFFFFFFFFFFFFFFFFFFFFFFFFFFFFFFE
:10829000FFFFFFFFFFFFFFFFFFFFFFFFFFFFFFFFEE
:1082A000FFFFFFFFFFFFFFFFFFFFFFFFFFFFFFFFDE
:1082B000FFFFFFFFFFFFFFFFFFFFFFFFFFFFFFFFCE
:1082C000FFFFFFFFFFFFFFFFFFFFFFFFFFFFFFFFBE
:1082D000FFFFFFFFFFFFFFFFFFFFFFFFFFFFFFFFAE
:1082E000FFFFFFFFFFFFFFFFFFFFFFFFFFFFFFFF9E
:1082F000FFFFFFFFFFFFFFFFFFFFFFFFFFFFFFFF8E
:10830000FFFFFFFFFFFFFFFFFFFFFFFFFFFFFFFF7D
:10831000FFFFFFFFFFFFFFFFFFFFFFFFFFFFFFFF6D
:10832000FFFFFFFFFFFFFFFFFFFFFFFFFFFFFFFF5D
:10833000FFFFFFFFFFFFFFFFFFFFFFFFFFFFFFFF4D
:10834000FFFFFFFFFFFFFFFFFFFFFFFFFFFFFFFF3D
:10835000FFFFFFFFFFFFFFFFFFFFFFFFFFFFFFFF2D
:10836000FFFFFFFFFFFFFFFFFFFFFFFFFFFFFFFF1D
:10837000FFFFFFFFFFFFFFFFFFFFFFFFFFFFFFFF0D
:10838000FFFFFFFFFFFFFFFFFFFFFFFFFFFFFFFFFD
:10839000FFFFFFFFFFFFFFFFFFFFFFFFFFFFFFFFED
:1083A000FFFFFFFFFFFFFFFFFFFFFFFFFFFFFFFFDD
:1083B000FFFFFFFFFFFFFFFFFFFFFFFFFFFFFFFFCD
:1083C000FFFFFFFFFFFFFFFFFFFFFFFFFFFFFFFFBD
:1083D000FFFFFFFFFFFFFFFFFFFFFFFFFFFFFFFFAD
:1083E000FFFFFFFFFFFFFFFFFFFFFFFFFFFFFFFF9D
:1083F000FFFFFFFFFFFFFFFFFFFFFFFFFFFFFFFF8D
:10840000928FA25D460D515AED20DD54FB33991435
:10841000EADFC0CFDED099AFEE36B00EF81DE69A97
:108420003345A6A8EA75CA887D9BABE910C6850FBF
:10843000B3A0C166380962BED0996B60BF678CCAB1
:10844000AF11927181123C6A7B668E783DBCFBBB9A
:10845000CC6F7DDEAA7DEC9B55334649D9DDC6A4A1
:10846000ADF0F5345C3C8E126AED9F55787C848FBC
:10847000B7B5D83E53E0BF68083DD3C75C27797ACB
:1084800012307D3685E929933C7B1925EECE0231E9
:10849000FB2F85DF26DA41A6962DCF2C132E48120E
:1084A000850BED1364B95D8E1695284CDC1B8D3D54
:1084B000900DB8BE50260C7C3CC97F3C6A0DBB3089
:1084C000F366F2568BE7BB57EA2ABD979DE4F0DDD1
:1084D0001DAD451478A2612D339BD2F714720209A9
:1084E000E24FF32A82ACDE71F955660415F051149F
:1084F0007FC92937023368ACF244A2F15BC7797EA9
:10850000DC9BD94166586BB9FE38590EC997912248
:10851000072B8D36B0A2DBFB17E5ECE4203BD25AEB
:10852000ECF29ED3A35B91135B29762855C244E2FB
:1085300089C888B6180E40381C71A2016D6FC83DFD
:108540004FA92E02B97C2A97EBC0C5C11C8C679D30
:108550000613CF44036FA601139C2DB7E34CFD0B0C
:10856000279F2A37C5B8F5DA7CE5D8E697AE826949
:108570004A81A9F2A8FA450CCA5F1D0D33B751EA2A
:108580001482C0D9F13A9DB21B3237B3D999EB3876
:10859000A34339ED43C6C1E862D84595D4AB87E320
:1085A00080EE158636E931E816BCCCAEA4829C2359
:1085B000B6152177D156E1AB715F7FF57FB2DCE76D
:1085C000E7FC35998820B0F3EE4675FB9600AD8543
:1085D0009C06F0E13119C37F61CE6850A890910EDE
:1085E000452480A7F609373CDC0642CB5EB89941AA
:1085F0009969D636017D5C509BB105FB9FED318DAD
:108600004E84D9A7C263494154102095A430BF6558
:10861000EF07CA5421CE20E20A6EA4D798059CDC4D
:108620006D0A3D17A9C74470729585340D30E45228
:108630007ADBF36AD4B213E49E23B238EDD97839E9
:1086400076F52162F3AE4B766B35CBBA7F41389C21
:10865000D647C323B490B3EED0936E505AE322F5BD
:1086600057783A83EA5A0E5346C9DB8EBF122D88DB
:1086700040E3D81378491ACC9B4FFF9C040E8C0121
:10868000CA285A2BD601B9E663FBCF116F3087FA9F
:108690001BEB47869550E3348CFE0030CFD23FC3AE
:1086A000F0A527D6237F880F33372380B678E2C31F
:1086B0008CBF1171C36341B35D15283C84CFC08763
:1086C000B6BE184CBD3C787EE6B872D41C90D6D9A4
:1086D00053036F934F48CBA78AF8725AC51F8098EF
:1086E000868F91C9AA13C47D5CFB301DC536C1A518
:1086F000E27C128CC334791D70C2D56D0FBF371B5D
:10870000573CACF955FF91DBE278CE992166CE9FBC
:108710006560A2298BA42F6D02E27D7764540A3B29
:1087200002E7B05EBCADC89E121D5BF1DE0D61615B
:10873000BFEC30ABE6E072DCC4B6D3D3F686DC44E3
:108740003D27491FF33630E9FDD0B385CF8F20D2C6
:108750003E03DAD38F6CA9A852324D24878A459DF7
:10876000FE050C836CDC667A284AABC01F5D345C66
:10877000046320AD02A8B707DC38703E49470A5AA7
:1087800075C569071B22E8C6B78497AF38FF2D6D02
:108790003BC1B3CDF068AEB46467E911DF4C5F58FC
:1087A00090C8AE60FC84C4C9FE0216226A97A54731
:1087B0000235873F2299B44D7AFAFADF435E0753B8
:1087C0006DB45692E5A11066A235C561721C82DABD
:1087D0009485F2861EC442267567CFAFC260803B87
:1087E000E83D9E616DD3BF1F8F38E3F4F9389A9A44
:1087F000027E487218F12DB8F4480DF296D311DCC0
:108800002EF329D32F8DA3A4EA676D0CAC90271CFF
:108810008736A49CC4C86DCE225F92812C961155D8
:108820007485530F3F0FE7F7A83A1A50C00B4AF967
:10883000A334B1D6353B971A4E2AB6CBE59A5A5196
:10884000EFFE6481A388EF8423AD973CE701425992
:1088500083C28690F780A6204C80CF394CB88AAD71
:108860007F37981D8D031AF998C5B3D00F7A2AA5C2
:10887000B9F67C328C2D59072944D0638763A8351B
:1088800057DCF82B22D1F91DDD5C3A2DD027BE9D97
:10889000AC835B91A872B5CE6EB926B0140A1F5C8A
:1088A0002455215DC80E60D5C5939AE0F6197BF971
:1088B000D360CE3ED768F3F7C35FFB10FA51AF1D0C
:1088C000AEEF6F80CB707A85A6ADD2E11C38C87947
:1088D000F04E720D10E99DA214970D92643643C0BC
:1088E000928752902D9F4F280DF8C914FD91CE59B3
:1088F0009823FFB1B7FB33DC04F3BE36EB4F6CA318
:108900002F3803B181DE30774FC81D69E02920C8B8
:108910004B23D801FF317C64C1E4B9B16C1CC6DEC5
:10892000D06DFD22B30A8D363D47FAE08601205016
:108930009D02A819924B9233CE50C0896A6168D7C4
:10894000218628B2BA9A58BCD22E53967FB85E5868
:108950002ABB1E7E527B59907A9BB8FC984F0F1908
:108960003F9B555522601049F5F924623AAF318D8D
:108970008A12CCC86909A89B99F08DA9D81A158EBE
:108980004A179B4CE72D27ED5989D9E95249FB73CA
:10899000A452C22C0D99C5AD9B79ADF7B37D8083F0
:1089A0003CB07159139C3C1634E9B269C4704DBD9A
:1089B00052D78602351909D48AB7C6D4459731A152
:1089C00028370583A0597EBEAE065D1797DCBEBB77
:1089D0009B1555844C31418B2DEFFBB612C2380BE1
:1089E0008ECCD5A0F10DDB75A6618319EE2C7DB977
:1089F000A25BA32285B129845CD18FFAECF94FFDEB
:108A0000128339F36DB0F89610F9428EA86FE931F0
:108A10000455FB3366971618ED160DCEDE30F517AC
:108A2000F0883D22F38891E6D78337D88D1678CE2B
:108A3000B2497C81D34E39FC9C5E4DF8CBFE1BF9CC
:108A4000109E3215AB0C51EFA2AC22C85534025D1A
:108A50003131D0D457119D1EE4603FB96A0E98257C
:108A6000FAFA5A5D60E6A73CB308904791768D6E9E
:108A7000E4C86FFFAF5C956EF827A8A6DB0D8C539A
:108A8000BE53D4BA8C02EF519D229D82B4D9A93E27
:108A90009A622483291F16796D27584C83A27F2D53
:108AA000EEC156788F2F31440ADB2AD124DA4F01E8
:108AB000DDC7AB350D09E1C734567F69399CF8AF86
:108AC00058402D97D84932D77B3421CC41B326B8B2
:108AD0005B27F74F5B2060D61A3890BFF6396BDA08
:108AE000B9D3A66373939954897FD55F2E4FE84E0F
:108AF000B354463C4D3D25A14442D194E3A91D9574
:108B0000EA80E60133C170F04539DA548909015130
:108B1000CB64EF8341FC270262B2736F1EA95465D8
:108B2000F688F97AB12A6B68A8A399977E4BD8F694
:108B3000FD67635873F67C5F465B469D55A9A4515B
:108B4000995C4A9055C28E4E11A7C99E143D9AB8A1
:108B5000AC54DA0F312560EAA363D47C29BA79AD2D
:108B6000B9B723744F474713CD883D40B759BE7CF2
:108B7000EF34FC0C47A73743B1509DEFBE16C094AD
:108B800055EA6BF67ABEBBD4740D8A93B58026C7BE
:108B9000A75E5AF7580B06912033B04E9CCF9179BF
:108BA00001A710AE6076FDDBE7DB2E58170F872498
:108BB0000F7B90449002471518257E6935ABE18004
:108BC000ADD942CEAB955E81B71B0C69FB310E0966
:108BD0008236DFBBF75C0C7D1138149AA713CA8765
:108BE000858C3D43A45123B157D78E36278F1CCD9A
:108BF000D10DA888CDEB7BF26C3AF281DF229E3C4E
:108C00007BE0E77225D0AC9D7D4EA94214F1D234B1
:108C1000BB18B71A0312A51F55EA90F7E5DDF71642
:108C20004CEB7AB89B3E1AD7607A23ECB971C40931
:108C300047E4A088384DA3778ACED24409230A0A94
:108C400003EBEDF9DA9273DA17661B7CF5382ABF6D
:108C5000368C7589CBC347027664CD1AD464C7DDE0
:108C6000751C3D4F5EA78C5EF5DA9FC582A8BF8C50
:108C7000FEA0FDC5E87713CABDDB2DE88EA2540720
:108C8000F6E73A8B29E55D9AEDC2066F8082605265
:108C9000476C70ABAE4112D7E134CEC2335E75A5DE
:108CA000BED3174D5F560386D6127F9BD1FF2A098C
:108CB000CAC3EE7A19D4F68780A5A0CF9C5174154B
:108CC0009F94036D186AA218043F910E7C3CFA1918
:108CD0001958617B6BD23D0DE0C0A53FAA8AE281A5
:108CE000B9B3DF5FE60A48670624DB6BF9242AA3E1
:108CF000E10A055F012107636FDA2590CC3A880409
:108D0000D09CF7262FCF80C879C629D71EA798896F
:108D1000A26AF32C6B5A685F9A980524FEE222A29D
:108D2000AEB66CDB7761D18C45B17E0581CD51A3A8
:108D30008EDA4972AF0E05AD8A914D8B2DB4FBA42E
:108D40007394F0366CC02F6850FB0FB97F9933F1E4
:108D5000498B15D8CF9B4B3A88F0DB8BB04FFD8DFC
:108D6000E7EB4B4A677E9581E5879757E6174144C5
:108D70001EE4E3DDB646B40CD7D99178D85CC1C205
:108D8000EE2AAE2BB42C476AFD14C4D0A9E193F1AE
:108D9000380EC8B0215AC9389B77593F574B86A225
:108DA00066DDB4C65FCE17AF77E3B4D320D5D6DA8D
:108DB0004477C84557823DF87D0DC6EF14C001BD0C
:108DC000305C612C33150A46256FAEFD4B156C7770
:108DD00010AD2CA03CF010420EBF51D57E19123BB5
:108DE0002C5B3037D950A6A9321F232B1043C4E186
:108DF00015139935277DD44C6301B2D8D171505ADF
:108E00002DEDE8587CD00073D2811D41ACEA62554B
:108E100074310590DE2AFE521716561DDF5EC70418
:108E20006E8FBC079AFAF851FD0F861FCF3B6D5924
:108E3000F88A0E0B3E76511E178D16A224E823AF3A
:108E4000A103EF2B92D64DE6F4B9F2B2659D87C22D
:108E5000AC20EBA4126B3B25E5A7D232A6999D2945
:108E60001A4011AF5DDA26A6970BF94529AB549944
:108E7000F6478ACC632F4CC5F2FEB310927EC373C3
:108E80004005707D5B382468BB845BEBBC12E63523
:108E90001F967CAE9746535B8A047EDFB38606DD61
:108EA000E9B28F4698E0B1ACCFA9E2ABABFA3DEDA9
:108EB000301EBAA78098213750657B85ACF8CB7BF4
:108EC0002AD5669679E9623F318817F293E2D12379
:108ED00023FD5F74DBFDE2B0BFF2E70081BA28EA50
:108EE0004953EDF9FC28CCD91C8D3B194C19C862AB
:108EF000AE4D7806E7BF850D9537193312CA02BA11
:108F0000DC4FC4F17E09F778C67DA19DA1C855212B
:108F1000CD210BD0262F1519C02FF55FB96F4B58F7
:108F20007A9FD00A50A9FB08ECD7E5B5DF8CF54E47
:108F300015230405EF32AFA144540CD7FEE6D5103B
:108F4000732AF0A6A48D9C9954E2C6706322F7425E
:108F5000A993F5886CE5B842017C6F8CC7C39BA1CF
:108F6000618EB512E4D4BD837A723FCCA79A21A654
:108F70007897F39C8E12AA4F8591010C6E41AEEC4E
:108F8000DF492DA3361F1398317C9E0FD44783D51C
:108F9000337E4A5008BB36E6558D91668FAC72B071
:108FA000924ED0B57D841DE32FBFD019C4D14CEBB8
:108FB000496D467494FA52442CFF63117AC6A9197C
:108FC000EC18F18C79969D4C1DA4DAD28BBC950AD5
:108FD00070D3B4578DF4AED076E0BEAA098CF725D5
:108FE000D86EA12B893B2445FF583F5F0056C785AB
:108FF0000B0CA537225A7531399C7C1C4D406CD71F
:109000008C43E0FD5DB4257EBF9411AD56A6883734
:109010001BAFE381773E862FB54A18C6AEA7F24450
:10902000B49F370B16E3414B2BBA3ACBF2E23F2EFB
:10903000EA81C5550EF68762F9101518921EB1E245
:109040005EDE5CEE47F536D4A267EF30C84AF1BE6B
:109050001010BE84C986FE78D9142EB987FDDCC1F4
:109060003811AFD5589E56B2E23FC3E248A9C0922C
:1090700015D6E3784268D9E02FCA3BE4832100C5C6
:109080005883EB1AFAB44704EECF70C302BA5FCC30
:109090007D29418013F40BC84959AF18ADF2EA8F0E
:1090A000B00BFE197C55F190AE04B86D6C7ED7EA1A
:1090B00099EBA8CB5CFAA79F4BDD1BD188971BF2DD
:1090C0006C657D8F6734E46B6406DDD9DC3E7DF42E
:1090D0006402561F36EA970BF569E121EA1FE42680
:1090E000A5F5EBDE477431325250EFFE14575DFFA9
:1090F000EFADE19968116DE6AF78E0801EEB6B3360
:10910000ACBAB559EE53F421A97C593E2237C3308D
:1091100034514BE73ACCE82560A320520160057A30
:109120000D48F5902C5515B44C232A9A873A2C6893
:109130006E361BEA2D8D7BA3C464E08B2393C32E74
:10914000BA6F64D4857EA31FD429FDFD974C4EAC25
:10915000CDE822A0B0B4B1234DBBB241EDCF2EE695
:109160006BD85AE25769D476524B995FA8FD26EC2A
:1091700067A76DB5AAC21A1DF678CBD27369C9B3B9
:10918000FDAF43FB1EC0F7BC5256F82B573333B12B
:10919000FBCF21C53504339A17FF1A2C018D7EE7CA
:1091A000B42140BCBA48A7EE8A5A3DB3CD3C93E007
:1091B0002527809681CAD847506B1ABC1EFFF2CF74
:1091C00046EDCF5E0CC9CEDB178165CBFDDFA9ED87
:1091D000F4039CF8EC09BBE1131CD3B618047AF72E
:1091E0005157CB938FE2575224449C8BE31D4B9DE8
:1091F0001EC04182E504C8C1106BAE1CAD3B550ECC
:10920000852304ACD6543CE10C15A72B1B4B848F53
:1092100088552E234044C555EEA3E22D08BF5CE7D8
:109220005DDFB469F37DEB20661AFF889CD2C277BC
:1092300092191D828B0138448E8BEAFAF0963E0A11
:1092400055C973B60F0BE905F62C54EE3B83E4AF1A
:10925000C4C34A28F16D9F85DE95264A9B598F42EB
:109260004B646368B94BC247A50E758742FFD5139F
:1092700067CB25E34D35118C70E0ABEF23B04C4844
:109280007BCE5479384FDC62CB7439F65E45399821
:109290001F6359B02C8178B1094D9A83D86E1BADEC
:1092A000E6B260F98A455252B61C882B0907729BB8
:1092B0004C9BC493D17408A041A5D7DC30AB61F9B5
:1092C00048981F59A3144D85ED559EDD6070DD2B28
:1092D0006482DCDD4D2E4E94DEE3C033D9EEF57AA8
:1092E00066D6233B8C0E7C4174CF5092777ED0A102
:1092F00098828C2F9AA7A7E0B7EA008C100C033F46
:10930000E2F57EEA9298E62214ED97AB7111FC86A5
:109310009BCF74D4694E0B9C4B293FB6E588A4AF14
:1093200084680A0E099AD589137399CBE446935140
:109330000A7CBF31E3A834DB144AC06D6E92B315CA
:10934000E88A285F404F0D4488504C8DFA15076B12
:10935000B0EB9EDDEC59DB9D4D060BB3E037CF360D
:1093600018E282DF017908ADA8495E8D8FD1C27500
:1093700077F8DFF2E1542BA904FDCDFB7CD3D36851
:10938000F50689059D4A1A89C20B5CC7E5B26526B8
:109390006F6A2704E1313BA1222E79C9242312549C
:1093A000AFC8668772D1FC1ECF72CC59C8CE0BDC19
:1093B000C1170C4934DC04595D5C6EDF1B07662065
:1093C0009B772B8D0BBFAB2EA923E8C6C453AC777C
:1093D000563E52241D51EC97C3BACB6FBFC8BA5B3F
:1093E000206661DA2066521CEFBF3E8D67CF698030
:1093F000A40F328EFFCF986B9BFD04DF702FCD6ED4
:109400009498F7FF6935157943CA6AEBAC95A5B412
:109410009A5A2A83F1E0A690DAFD34ACEE5F200977
:109420008E03B895647CD441CA8FAB8BEACD7BBBED
:10943000B6E6A63B27A4497369481F4D81CCDAF6EE
:10944000F2F6FB90C82910F86A482FE0C72845A615
:10945000CD23E7505615298B60710BFFF2CFCC71ED
:10946000971054D6D00D56F51F470A76B3246E9642
:10947000BC0EC842681792933D375452D8AF627AF7
:109480009B85D59D7242389233A7BA7E5685C122FC
:10949000DD27157998CCEAE2683B9F189FA07FB83A
:1094A00026A84736082C60847E5B0178EB32C8B46E
:1094B000D42772079B077A1A1DA7AAF0C4910E0F32
:1094C00086B0E90A4D354E48F1AAA093E4817FF0B9
:1094D0006625AD1CF448DCC0AB46F1CB66FBA5B3FA
:1094E000E949002D35DFA093D51F67A6F6619712D5
:1094F0009A8EF940800D03CCE679F8D1F3866C0C96
:10950000C937014C08ED0EEF7BDA318BB7F77518D0
:109510004A3958A3D6DCC63EC944C33B8F88E71EF0
:109520008689A3021647B9255A3F92BFBB6829C254
:10953000717DDA384D567CEEB9CD7626720BA94294
:10954000A9E12150799F5953AB0DDD993BBE4F39AD
:109550008C1C963E580E89506E1DAEF6F516C5341D
:10956000E175F790B30254954F2907B683A2CF2433
:109570007B7CF2C93906E860BB03BD7667E499726B
:10958000151199453B472D7712C3BBF5B4BE78B191
:109590009EFA854F781BC9089F6D5DC12710EAB4FC
:1095A000F1CB562DE2878DC098D0EF7C925FD4BE70
:1095B000940F9A52DF41FA8E06E27B18254F709481
:1095C000EA2A044BB715D16F452BD61BB38F810404
:1095D000A2BE3D8F3557CD942A676A89013DFEE4CE
:1095E000FB08C5160D956DFB2EC15B092727A05200
:1095F0001344FD3C1625775ACF5967F75C76D79709
:10960000B664DC4ACA1BC6D376BF3339517C2CE61C
:109610001745310C94E23D17099C6C593AEFC2C0D2
:10962000686AD717265FBF14A353DA69B40A9B3A56
:10963000FB5584606140BC67BA087FD13FD38D552C
:109640008BD455B69476CED0127C9D1AFEC500A55B
:10965000C7E22916EDACA3ED5FF5F774B2BEC14EBB
:10966000748D00EB7E026A4E38350AB1095046F11E
:109670001E37BA1323E289B7E66C5CB7ED08FB5BD3
:10968000CCD97D31560377119040F7E9DEC8898047
:109690007E03647498A51617153544CEC2030933AA
:1096A00076233B06F606585A7766FD7E2465EB5412
:1096B000C0AB6EF5DF7611FA0ED32E8A083163291E
:1096C0007504239F4F04C3054AC45B966467B69034
:1096D000C537123CCA7469BA82A06CE20340B8561E
:1096E000DF88622082CE0EF76CF5C9DBB4902327A9
:1096F00082F705E04DD52C3AB9744A32E68FDA0587
:10970000AC67551228EFDE630B2A3711440B609CBF
:109710009A4AAD71C8B5BF4C017AA490DC97237DFD
:109720001DD0B0BB597E7D2CC0A4405A7A0CFE8F50
:10973000AF04E3CCB435CED63831C79A1F09F61939
:10974000D151D44B5FC7CA3AFF995D5F168E92F232
:109750003C4DA4298D3B3BE657D9FE053406FB7BE7
:1097600075E0F62DFD266933BE0FE075F00726057E
:10977000FE68D66995185F7695CDB39D8C0D6FE820
:10978000264BE53B2728B391845B64B0EA87ACC8DD
:10979000BE4AC290BD88D8FCDAA6690AE7019B5A86
:1097A000245620066E16F75D27BE12B6A853F8E1C0
:1097B0007F65DC0CA45B5AFB017612C1BCD46679D0
:1097C0005893308CD13927C27103140E851EA145E0
:1097D00076F91539101719C0F21429BF1EF7F4B61F
:1097E00091673B4D443CE73CAD37BFAAE3A410066C
:1097F000370969465591DA9C29A943B1298E4682D9
:10980000D8633BE954764C6B55C6DDDF8503ADB5B7
:10981000E74AECE41DB3DB27F435BD4BDBF5899F4C
:10982000DA10C2BBB5FC2EB7AC78247FBC85603E95
:10983000060D366199D040B2DDB5F7429DBCF331DB
:10984000B3A151B68F6025D762E279E240B7C6A1D5
:10985000635D78A02D1F0DB60265F95F3DFD79FFB0
:109860000A64D8D6A641866F339D3AD444C1458A4E
:10987000023E83F6B4574ADC6855E478E204EF5CB4
:10988000BB2C69FF63DC38D7E3211BC6F488047C5A
:1098900025156917C66D586B41B88066FCCC14A0BD
:1098A0006AA6917FF38518CC375A05074561026B8C
:1098B00023786157D49F0B4BE507E2967C31FA3D44
:1098C000FDFC1BDBF0E3EE8DB3FD219975191DAA9C
:1098D000CEE73D3E69114E48E51F85653AF68AEEB2
:1098E00081D045DDAE82C2CF16CA8FCA269721C16C
:1098F0003C6EDB0B3FB7A746CE4707851961405248
:10990000508D98F9125B9B1B60F06D342566D9F180
:109910000932C7E4092B633FF5A7781FA1E6BC1005
:10992000812FFFC813CF684151EBB7D55CF46D535D
:1099300030455F0A18E1C5F505B6E8C837FF133EA4
:109940005827287433ED13D165C8AD22BFAEE74167
:109950006F272C8146169BD3BA7A8E4DB4FB6A666C
:10996000C4FA0A01802F0E6307A0C75FEAE7617897
:10997000CF416446064011EBACC1E08E7482C097C3
:10998000D12F214AC9FA0BC026B812ADA76362E5F0
:1099900040562A87398374AFCA5405238E1EF3ECD0
:1099A0000D7F27A59293BF7ECF4D6A4FB60BEE8AEF
:1099B000D1F053B44A39FB296EA5A25B6790DB5EF8
:1099C000B9012882AA43DE898E745A46AFA39C1639
:1099D000D5356A264C44E75AD4B4F6A0082932CAD1
:1099E0001003821758EDD2D44FA563339E7927A96F
:1099F00041B6BECB4CB8B1A9EF6C6EF67EAF1A661D
:109A0000B9A9AEFF7B3C5DA8D50FEC426FE7B7FB71
:109A10005AEA73AD110C84898E053C83670166EEAA
:109A2000520535500345957A140EBA4708F3436D35
:109A3000443B936C5DA0E031705DD65176B11CD58E
:109A40005432C493CEA31881C7BC0E6687A7A8BEA4
:109A5000DD1650B2BD3BF4C4FED0B1EC2E4AA1A03D
:109A6000DDC9AF52991BD91D9600DA21649A64A909
:109A70002145942DF1830AE5CBD2401DCD586D3B95
:109A80000422AA1F1A1218A86B28A8DC8D12586984
:109A9000C8E131B3CFCE037C2C70B8B510CDB7423E
:109AA0004016B1B6AA07FF08E44E48D71F7071915F
:109AB0008FD4B192687A5EBEC5E58D92064C21F7CF
:109AC000DB1DF50D9D7368093697CCDCAC4B2C98EB
:109AD00030D4743588F45E93C969DC0CE1E08AC93E
:109AE0004B67658B37050CA750701071C17B2B8CB1
:109AF000C54326C286CC50E8D06B044A26B5106018
:109B00004AAAF580EEB3AAA43D4C3A297CEC48BBA6
:109B10004D83A4D837C15F8CCDCD324C9A37955543
:109B20001FCCBEF35D1BE26B77C772A6270421A38F
:109B30005DC9400631E634C5122A846B9A95DE99D8
:109B4000A5BC5C21193D9272458613393722E1DBB1
:109B50005F5C8A982312D6F845EECCB6EDB08D82C4
:109B6000356FC38D2D3784CDC4F25FEB7DA2AE81FE
:109B70002E4C9CAFC8208BB6ED1F307C07558C6DEA
:109B8000D6E0B3A23CEA4FF21ED915205210F34999
:109B900030B96D75CC363DC8098D9F8E57B0D5AFA5
:109BA000B1A415744F8602207E88EE67A7E9CF9F87
:109BB0007CEA164A401D3CFC1BFCDEE3CC3DF7ADC5
:109BC000B48F60899EE6E71E3580FDEB5FEF02DE15
:109BD000F16BFD1F1CB84ED5D8499F20675AD0D4D1
:109BE000C1F86D3F0835ECC87C4A526F3B93DDA647
:109BF00067638DC74B556A4DB98DAFDF095707A510
:109C00001037550683ECE9AA033F604880C2624ED4
:109C10005C110305CAD2F08C8DD9CF67EF2C0C1DD7
:109C200048132246DC486E1021D5DE8DE9C41008A9
:109C300037601E73055319B10B7A1A9E3FEB7B24D4
:109C40009650011F1A4254C7671F050AE1F77C9E10
:109C500061AD9972F9945AA7D38AC643D4742889FE
:109C600041C1AAEA3BA16649998B875D8410B095F2
:109C7000044D5D8645E8417EC782FC2B2E12182BD1
:109C8000ED467CFB3879CFDBE9473BC8AE5ECF932E
:109C9000A0471B50F784C3F28B86FE59E58ACD9D01
:109CA0000516992D0DDEA8E4A22295FEDA424AB7E8
:109CB000C8492C3E644E99F8ACF558A155151E5173
:109CC000A8161DA216FDBCD2C82FB78451120F3C96
:109CD0003C5A8106C548F4A1DACD94CA31A462E3A6
:109CE000525E98122ECA180BB6063FAAE923EA80E4
:109CF000F9579C78293C529C78814B9C5C557BEEB3
:109D00006CD7B4B2423B42C2823A256D0475E6D9A3
:109D1000E5CD118BEBDAFC1DB7BC5C9C19D0EFEDE7
:109D2000E64A806BF3707FD70D22E5B876F49FD2B8
:109D3000CE6002F75002A8509D3B40EAFA4C6C5DA1
:109D4000892A2E96665B373A239A20C8F278692EC4
:109D5000CF1FBFDDA328C3C0FE9F571792E8F55C55
:109D60003FEBFDC9FB0EC1FD8A42DD3C73C7336684
:109D70007ED0DD2FAC372F18607089C9A278BA2E3B
:109D800077284B9AFF0A188C0977BC5576F7FB7C2D
:109D9000163DBA43E1A927CB6CFD8FA544A1A2993A
:109DA0008E4C2BDC5B5B6202162D3B01B7957483F6
:109DB000D18FC1BE3A8E69F21DC49475E61FCD24C1
:109DC000FF8717E42C00A4F9EA9295C4303EB868E6
:109DD000D3831332AE13AB32909BC9BDBB193B5E2C
:109DE000B38FB505AD4C73A509C55F1BBB859E152B
:109DF000FC26D879AB24BD94BBD797D9C8DBF3B97F
:109E00006D465536809FCB79D3446D4C02DA6F3462
:109E100090BA1713B0F4BB6F1E6790D5667B27DC32
:109E20003EB638E04F8B6C288A3404EA22A5BF1076
:109E3000747C555F7CB1C2EBAC100C3E5BFBDBCF9E
:109E400083231E4910663FA3BE6FE3E88D5F8695AE
:109E50004E5A06E14780BB0DB0189613581285A3E1
:109E60009D2DD3EAE04B0F9B9C4B2B9413864FCF39
:109E7000B33445B24207885ECBEEBFDC29404C4686
:109E80006987FB2FC308CB64E994FA79C4D2891B94
:109E9000A91109DB0DD01D8255CC82A2E3FEC9BEFB
:109EA00055940C07848F9AD253C26600DDCFD83404
:109EB0007E8397DCE7DCAB5C7F8E9A0802507CC423
:109EC000362D93DD46859667550B3849DBF44025E2
:109ED00029224D364217003C95123DEEA4BA263E8B
:109EE0002946E0D5B9DB508E3A116E2000CEC75717
:109EF000CC8D9E81FAC9BF598BC97F4AC4B2180E56
:109F0000DF3D1D501D1B9313FFB520C57F5B90D413
:109F1000ED0FE039319A8DCE5C9F0ED70770B30CF0
:109F200062DCE4456C34B802B0924908BF31EE8679
:109F3000D09564D50A93F9049A3C06139B6E1036AB
:109F4000C922A98C2EB81B07FAAB16302299271EFE
:109F5000AE2810E5B29BACFA0F1F1678172A7A20AC
:109F60006D223F9E8EA0F46A3B0F87CA4E64F70AAB
:109F7000C5FA64FF76375E46D3F2BF86E9F6F71975
:109F800074381CC9CC5BD003D994F97D7F41212161
:109F9000EB5B20CD83BDAE4452838F12B96D582F39
:109FA0004C87821FEE5C82BEA4F62DF5276DB24A67
:109FB00008F8C0A6980C74A6F47F070847F4EEA032
:109FC0007473ABE703C774A6FC17330694B18E1500
:109FD0008FFE0929E9A173AABA7905F50BC930E802
:109FE000D02B0665D9419F8F49B8B4B1D18C072ECB
:109FF000D69DB7948DC98FA4A6CBD2F64F4894189E
:10A00000579B0089EFB77423597B2060F44C8D680F
:10A01000C843B081DEF45E67B0B741A5CB3CC94B05
:10A02000AF9EA2514DEC1B7F8263C852F0D90E1334
:10A0300022489DD48F90415260BB16E65BBF1AD276
:10A0400076A015285C17FAAE2044944016F36458A5
:10A05000156AD26FF228E5E8AA6C7111E4E34C3A74
:10A06000D5350A72284A0125F0917E635CF3BB1353
:10A070004CB70D93F0A25BCD7152D775185A71EFA2
:10A080005E80D911341E33766A9E2130355A029C87
:10A090001B85D212793709EF7B9D6AF81FFF4BC3EE
:10A0A00010D2E9865E9CFB6784644DE97A409DF896
:10A0B0008B0A7B6114BF928274AF16ACA831EFADEE
:10A0C0000554AD2A911658BF598889DBA205FDCFEA
:10A0D000E5A2A08CF01B56FAF2DBF5FB30258C7C58
:10A0E0006E19943C05C1D6ABC17142F793BC4226B0
:10A0F000517424DDED27A2B22C5A393EB64DE0252D
:10A1000062D2B188FEC618868D4BA99BA9C504FEF4
:10A11000CC0BCD089A2763CA46B852C6907455CC6A
:10A1200097E312AE388D2AF690832C1360B62F2A4F
:10A1300049299179F584D0AF04BF6117E318D5A6FA
:10A140006A7E51CBC2278E7A5A6B97E64C1014ADBB
:10A15000CF3660DA0471F0226CA670201163CEE075
:10A16000B2E3CDC986D8FE9875CDFE7116FBE2BE6E
:10A17000E98421BDEEAC44FA95178466D50F4B2FC8
:10A18000A451C3D501AE228A7E7DD49464F80949D6
:10A19000A52A3058320AFE022507ACC63CF07FBE25
:10A1A00094F5E304814071A3AED082505D39272439
:10A1B0009A51666FE526AE5CFB236952A9A9A522D8
:10A1C0004369BD69B1AE230855E625641FEF5ABD4A
:10A1D0004032D3B92B852624E5647E658BCC32F0E2
:10A1E00007F4FA6991D5BD74899F058DA50EE0E14C
:10A1F000A0A4D84A4376A5D496AFB28B36C15058A6
:10A20000C80AD73DCED1BA9CE501757B8B284D5845
:10A210004346DDD025F89C766AC9D3D3AD980F8923
:10A220007F412739A2CE4FC6853D8322DC17BBCBA9
:10A23000B363D009B914AF320A6CACACDEE8398D27
:10A240007DFAE4BADB39CC2F03155CFA4A121A08FE
:10A25000E26BA42B584F0B7471FDDC6E1262147507
:10A2600095A7DD46D1700FAADA07FE94324E5DD471
:10A27000BAB5BABAA4DF34A4F7D23482F403E5DA6B
:10A280007B995E5FE19FA7A8444F4E5A5B8DE835EE
:10A29000DD375292B4F7B34F033778976A8F7E2E2B
:10A2A0009B12FCFA7E4D1EFBDA205061600322EB0C
:10A2B000F9B00DB7630AA2BCBD5644CFB4B072FC6E
:10A2C0000A8069036AEAD47E375BB53EC0AFF8C145
:10A2D000FA1464AAB17EB7AF332AFF9B0885A5C7DD
:10A2E00057BA1D50F86B26C176F8979DF72F876BEC
:10A2F0008CAFDB75E8915FA8CF9FFDDFACE4BF5169
:10A30000A673D6FD0FC1C1B467364226B4017A2ABE
:10A3100079B44490F54C669B59DA5FE7FCA0769AD5
:10A32000545287CE7030C17013AE4AB4FBF5BAF008
:10A3300036FCE2FA8F936E91402C12400AF5C1145C
:10A340008721C7C8145C4C0C347AB032C4BE18CF15
:10A35000DC9734355B08419DA9908C5E76854CBCBA
:10A3600027188AB19AFA884BC02E17114E0F2F97D3
:10A3700067F1430265B6A032E0814DDF4F70F10016
:10A38000A7AAFCC124D3F9EFB7EF820E2C60A8D99D
:10A390000DCE3124C525CC9672B70CB2C30E6083A6
:10A3A0009F30CCBC90EBA653CE0CA069BD1C8E0A8E
:10A3B000497CF7B430F90486F475640D759606553A
:10A3C000F28FA6D4644360127E2D8C1E2665B8B42D
:10A3D000BC96652E0F704395FFCC6F95E7A21C913C
:10A3E000E04BB0355EF0651AE997FAD4C7D5BDB831
:10A3F000717E4F54A355B909115B10A10EC19F1F67
:10A40000BEAFDB502B7A22549AFF48064DB3B0B151
:10A410000EF485CABDE6A7233DB0F71D8A63240963
:10A420005C0056D8841938E09391EDA598E9CDB633
:10A4300060B73736E5AFB4DDD37C020D5B47FBA1D7
:10A44000CA0BB010C6EAC4648E8B1055B30951B65E
:10A45000935EA3929975B39E8EC839F9CCA2047607
:10A4600005BDFD3C52E037CFB8B8692A922CB7ED54
:10A47000F04BF6BA964A650244F950A0603F7A5410
:10A480006193CB3C347CDC58A5C3CA11FFD8EC0BDC
:10A4900096B95D7F4B15DBD30ED3B0854B6B4D204A
:10A4A00040BCFBEA81C2DAEBB5A8340E1DA327C974
:10A4B0005589F847010CF9F7AA8B6C72A9D52EA023
:10A4C00038BDB9C910C8F58E76D343BCF0E910BCCD
:10A4D00071FDEAFA260A043D6EAF5841CF7E6183D2
:10A4E000B1F732B4FF88C8D0004AEF32F61B10FE35
:10A4F000322E0315951DE08C3E2777AD753CCCC9F7
:10A5000089BF229F23B2EEE10DA5148B59E754FFBA
:10A51000AAD852F6117551FA0D311BC53FF68D9D23
:10A52000BD636E07C6055D949A0D6DEAC1F0E5DE68
:10A53000F21D2ED3D228965A7B5482937D370D7408
:10A54000FBA5877754CAF1E5C4F0CF22AA546CD595
:10A55000AF29D471AEC0079430B0B7EF6C83E891E7
:10A560009127AC2981FBA2A26ABE16D57CDAD3EA78
:10A57000A6F57638178F3D0A330863C8CD94439506
:10A58000E6D50E784EF31358D0AD103933875621E7
:10A59000123E8EC03FDFA8BEFEFA729B6315AE2E40
:10A5A0006C5A3F08D9551DF47E468FEDDE9E604BF8
:10A5B000594E9617A21B66D7FE3353307B9D947974
:10A5C000728A8A0B8BE07FAD2D8F6917B7858AEC75
:10A5D000A8E411BE5AE27C64BD1277222154B96E00
:10A5E0004954B587EE4F57B0541B5D79CD38DF6DB8
:10A5F000335DC59E2C6979D5B5FFD3D9B7D7172759
:10A6000078F858FA3BD1C5813B8B1365EA2B70056E
:10A610009E0D3366369E7637ACF78129F5214EA222
:10A6200040B3ACE0BDDA47CA2C60AB51E7AFCEC255
:10A63000607A652B072FB00E212752F61758BFDB23
:10A64000D308EFCFEA4B236E52BBFB9B13E1EC9D8B
:10A650006ACF6A3AB5FF48952A2C6816F386739B31
:10A66000C1BCFFFE37F4F57D65A54CD22397A7C08A
:10A67000C3DC47D9E78CB84A78B4AA1F21F3424A11
:10A68000EDF9ECE4478A0F01DFE4363A5F1ADC5556
:10A6900046AC0AC0BFCD5FA764F7918A22191BDAC6
:10A6A0002B27F3265F14B29E30850048BEF2E0727D
:10A6B00022FBE6AA9F25266B1B4077028964770060
:10A6C000F8D2E370D949E11B167B996F9AAE74D723
:10A6D0003F9055E4690B1CE9A71CAA1BD1D0FC9341
:10A6E000DC65B85C19692861DAE38EA7788717B250
:10A6F000CAAD05FA1FDB9E6979F41B24D2B45E1D36
:10A70000A5D4B08B56D43A501B1AAD9C9C45C68D2F
:10A710005A858C66517FC83C5368DF8CEBBD6AB6A6
:10A72000F196A45F6B699B03AAA552EE4963A588C5
:10A730002502316B219A4BC91E49B8D643DBA96962
:10A74000BA1F8BB08DA402F7ED70306FC15742A3D2
:10A75000FEDDD03267F57CFC1EF1E47F4F3DF10455
:10A7600061AEC8CD75AA0D38F76CCCF7397EF17C97
:10A77000E7B2BC3D25FB79B42607F1F89CAC5877CD
:10A78000BDA53C437EE683500E25726A5E1B19D838
:10A79000ADB14A4FD84E3D44CC5FE09CC07182358C
:10A7A000835A9BFA20944A283674C0460BD9B74383
:10A7B0003B8868642A9562C8739A0F3ACC2BC2967C
:10A7C000C3DF3FB604F8DF929725C0B36A94A0CBED
:10A7D000D001022AF728D10903A4277388001FEFAC
:10A7E0008DC6D0E4A5A717FAE2EC3855622D47D301
:10A7F00064B50F1F1BE035715D580A65A45E6ADD04
:10A800000F357AC896FA765A2C0FF2A4534B3B1E9A
:10A8100040DF1E4C5774CFE47B373F3045FC91D36B
:10A820007CF6926B62C5AD04C1B0C82E33815DA0C9
:10A830003A98EFA79384097A96F544D6F7207413D3
:10A84000C5895F62AA1C922A2599959E7921AB8FB2
:10A8500012A74333D9073D63514AEBF9079E8A1C7F
:10A8600096092E737BF2FE17F052EAF192FE5FAF6B
:10A8700079B3ADCED0031CF69DA4ADBE5A770B962E
:10A880007D5952D1EB7B5D04C3F517B0DD246DCF4C
:10A89000D9B60C371E8B714A851775F883BF29D539
:10A8A000B54133C78795A32A98D1E506AB7FC699F2
:10A8B000229EC29C5FC3066B335843CACFA08788D1
:10A8C000153393176540ABC8891C83E905EE85E213
:10A8D00049EF60A76533201D2B50D448FE9E3E3BB8
:10A8E000EAEBE27BCE494A877A43DA486305D2181D
:10A8F00036F366A893FE66F99118DDFBC3E0812F5D
:10A90000D758914A54F75DACE0A24CB44D44E09D59
:10A91000AF0EEC449AE92E143EF52DAB4B36D9B36D
:10A920005B36F28BEE3EFC0BE308ECF53E568E2ECA
:10A93000DD29AD337A11A21CEB3FF8F547FFA6D70E
:10A94000F4E865D25CF268061D31B65AD691197DDD
:10A95000289C2DC2242CBB7CA6B3D753D75E7D8503
:10A960001A580ABCB58D86A02A872551CA1151BF35
:10A970009E7EFE2D40DF137398A2E38F40C94D21C8
:10A9800009D0DB31E285E7843A0900FC45B356483B
:10A990003540D04209AAD01B9E872F76887B3E6126
:10A9A000CCBB2A2BADB88D43E2E26258C7DF28A7A3
:10A9B000EB59F56B45BF2E0FAEE6B3FC2D54746614
:10A9C00007CE3EB8AEB96A98FB4C0769780DFE45D4
:10A9D00040A9C129A61AFFACD12109BC940AF6C22C
:10A9E000C5C44304D450D9FD23B7DDDED403888623
:10A9F000176DDE4DBA89DF979F53AEAD7C446DD99C
:10AA0000192E66AD957D604E71DCE777271785516D
:10AA1000D81BBEFCED2FF4A25818D194855C6CD0E5
:10AA2000F3E8B2BF266A545AC1E54809BF8195C709
:10AA30007B9AF5A5538EB9D57C5C9664FCC9F4313C
:10AA4000505FF60A10E3720EBCBB75944630C7B572
:10AA500059B8C914E4E6CD80B30B17FD82F49816FB
:10AA6000626FBAC2035E7FCA0403286E6EE9EFD23A
:10AA7000E22FAED7658FA18954678B7922C6BEEECF
:10AA800023675EDD628827FA3712EE83A8AE524F45
:10AA9000567BBEFA04A6567C3926691F89F9C293F3
:10AAA0000C6D75025E4B4D5E0E5D040AC8CAB8EEB1
:10AAB00066EE4395F87F0916307F33C712D9B1C5CA
:10AAC0008F43D6D5A8B528E7CC665B1C254FFA6224
:10AAD000F98336A59ADF2AD2DD4D123F0DE852B92F
:10AAE000067F313832F989A04BDBCD8CCA60A5D204
:10AAF0000117F012563BFB3E83097DC3A6D0E277D7
:10AB00007228A0C78C2CEEFC8618FE845AC4DE97EF
:10AB100096CE20652F266D63E0DB137B99F8B1009C
:10AB2000155A81069B110C89301528326222FB527E
:10AB3000C48862E56628D86336C1F6960E74CFFEE7
:10AB40001728897B8CF8D634E67BCBF1DBB25DE04D
:10AB5000EE22B4308FD2DE72086DE82F3E47CD0270
:10AB6000A938351D71B9005A598EBD4F9D6E5014CC
:10AB70001AB7FE3CA5E70533FC5D29A9F4ECDE24F9
:10AB8000F5A202038D6998B6FAC3B15B4479B7E8C0
:10AB9000A8C87E84005DEDE6A5F0569A660769F9BF
:10ABA0005E717475AC4887340F27DC203D78FC4516
:10ABB00063398249F7BCC8F23405D370A27063AD23
:10ABC0003232364675DC287B40D1376DEB881BC2AC
:10ABD000DA73FBF5F57B82C2804DE0EB2CCA98B5A9
:10ABE000E39605B5BF326F3812EE550C6BB23515D2
:10ABF0007517D667717AF3941EFD4329E146AAA61C
:10AC0000AB409B29955CA89D0188E0CD2110862E44
:10AC1000697A3B7D79AD4AE7D71CF634E93EE521F8
:10AC20008FCD3D730DE8A2478D3EFD0AEBA9B2E141
:10AC30003357F63C393BECFB9F9010804152AC07F8
:10AC40002B2A51D7A1DFE46802616E3BD93F007D1A
:10AC500050F1CB7C3665900BE7D8555CB9022E9449
:10AC60002E7EDCC2517248362ADFAA32D7C685D67C
:10AC7000B2CE480F2CC848B8D399104B868084AA0E
:10AC8000585113A19225CC819B95EAE0321FD259ED
:10AC900037BB9E93F5D4C501FBAA347B450CAE9F10
:10ACA00054E93EC2376B62CF95FBC9512DAB41854C
:10ACB0009218599CA16C81F4B3D5B35B5C666E228B
:10ACC000CAAD7B2F53668B7F2B2906CF534750117C
:10ACD000C6042709AB4663352A4F083F31EA78B4EA
:10ACE00016B933639E4BC151768E9C5C8A41E34713
:10ACF000485BEE54CAA00D0486E2DD892EA2D8E19D
:10AD00006AC21A6FA2349996A1C6106D84F0A3206E
:10AD10007FCCA07FF6708E846363A284F7E8D10DA8
:10AD20007418C0DD986605E1537F754B8CB88E743E
:10AD3000117C44A9E60250A053A4FFDBF2FA69CAD1
:10AD4000E113E65BCB7D4841A7E08B161F47450A20
:10AD50001F6C90448F868C8F2C15C082089CACD4BD
:10AD6000FAE16EEF63FB85AA2FE040469C6F5EBB65
:10AD7000FF354005704964CB5DE254022780B8E19D
:10AD80009C3C3B44C4CB286FA7BA52DACA762AB39C
:10AD900009ED5B2B6A9EBD748B04DE1CD325E6D8BF
:10ADA000397F5DEC91ED142FCBD96B0953B3EE1EB7
:10ADB000B8EDCCC7711AC494839236F46BE2722258
:10ADC000C374CF01624E44E5D09D7424AA98D3A9E0
:10ADD000E34905642C533177A3966E256B599DBBCF
:10ADE0004C8F2DC4E74BCFF80F5061AE02C335A294
:10ADF0000D686E1A45096882F68467C917FFB95154
:10AE0000E8D95D17D266FB0C21669A2D04B1038A3E
:10AE1000746070B78F39E21680735731E9A586FEEA
:10AE200088453C551B2234CF3BD423DD27E002402C
:10AE3000AFE250FC93BE35D3FBB98A2E892C2FBDCF
:10AE400070AD234BE95DB2CA572A951E456372C4A3
:10AE500048F1D35277E523A8ACBAC06D2D1D75F922
:10AE60001E7F5D630A79F7BFE2963CC734AF2707C0
:10AE7000D0E906830783896A6DB2D9376168CE3914
:10AE800003769FB339879708FD6B5D683A60967FBC
:10AE90005FADC8AC79213B9470EF64270840C24392
:10AEA00079E555D3833C37BC2B109DD80CFB8651DC
:10AEB000543C6323A1D040A8641C81AD204B499031
:10AEC000242B63C1857B6BED7446435E064FF29481
:10AED000F15A019DF0267DBEC346DF87649964A8C0
:10AEE000BA0270B1247A6F950125BC6FBFD6FD4BB5
:10AEF0003481FA5E69C5F4157BCED793B5D1795A02
:10AF0000A3570422190B0BAA7E552946CFFA236BAF
:10AF100080CBE95B31380C562B89B39ABF86BFC70B
:10AF2000590AB9E1CC4946090808EFAFAB06D16B25
:10AF3000C11F5749E6811D0E7507D636AEAC368166
:10AF40001C4BA8D504667D9DF3309DBDB4F5CF5351
:10AF5000CE36204C95585137EA3329A220059FFC64
:10AF6000BC8D2775ED7CB6CF2439CC90E153EE6DC6
:10AF700097FDE2C6FFBDD8FCBAA3417CA59EC02DBB
:10AF8000FCB626035507F4F30D67E014AF6F405885
:10AF900090656DE83EA2FAE7F8A1F4D75A6C0E3737
:10AFA0008B0698236458C69A8B6F045E62A391D374
:10AFB000D96C91883ED48373FF49616F7F534DE311
:10AFC0009B6B6149BD4A0535EB0B216F3A78A9832C
:10AFD0009C0B83A763E2297674A42153D39D633429
:10AFE000421195B7CF7BCABFB5666BA0F7BDC8B994
:10AFF0009865DC682500BB5C40B71BFD1251750EDF
:10B00000E168CBC8A1560AEF42E431294F9AD30B2D
:10B010001743EC7227873EF3D99EC2FE98E7ECD324
:10B02000979E2C62BFF2BB3CC06B6C717AA735E770
:10B03000F8F0FABAA90D52D5245643EAB99DA8EA08
:10B040009C3167C2F552FB7A8422D6D95B16720D09
:10B0500055B2F80BF00B1C9B4967B41D1F8BB22A2D
:10B06000C4EB9B5BBAB1EAE9DC23374A4B68D1A059
:10B07000A0D290A699821C527354CF2DBD1482F792
:10B0800041B9991D2A45DCA1EC37231587A6331F4A
:10B09000354A3D79800854B99F361495592C87B0AC
:10B0A0002C35066C72FF623B60E4108C77933C4F4A
:10B0B000EB2BBA65F2270967668DB080C02400EDDE
:10B0C000446E691FE681FB52C7FFED283D5C4802D4
:10B0D0005B1792AA90C9FE0C9F14C8192C41445FBB
:10B0E000961DB60805BFE0944712F360CEB56F9188
:10B0F00019592A8C3269BF99CACD666B452EB12584
:10B10000636C68F38E0E28792EE76F598FA20B615E
:10B11000BADD3AAEC0ACD02FCFD01B544648AA40BF
:10B12000BDF931A9951E43DB58756A4911A9A13BA8
:10B130003BD15F12DEFBB8F2853BC4CE5D0CB4118F
:10B14000557B76D291F89308CCB26FF95797AFB58B
:10B15000C7916FD208DA7F73720FE14D88ABCD874C
:10B1600008B1C71EE0E70FFC6C232B1C8D21A2C881
:10B170001476E764E1223EEF2DC34EE5BE45F12A89
:10B180008AE100D377B7C73F037FD22FFAD3155F89
:10B19000209D3722ABF6161626CE6BB037BC7D67E6
:10B1A00001E48C8F3BC10B5AB01D6EF737AA481AC9
:10B1B0007861A0BB793E04CD287A356D6D5888063C
:10B1C000AA7205C45F5D1F68648572A00FA6BCE00B
:10B1D0007C87D5FB4ED5AE3B60FB0EA28B9AC55B40
:10B1E00060F4ABC9EFA83CE33C691B6D0AF026BDD7
:10B1F00082E25FD0FEC580637397EA0190EE6F9D97
:10B200001B52CD3CB5CD970A41319C32F1A0629BD7
:10B21000A5D5D39E5D12AAE38A309698930A3D067F
:10B2200037B2D04749FF7E01D6CCF3EBFE3FF4871F
:10B230008E94E5E0115644BA8D506D7F8E47D3D978
:10B2400005411DD64175529882BF95FCACF4FAD2E7
:10B2500024A09283D24E4FD730078A77E00444A3CC
:10B26000684152CA8D7AAC4E543D9E1142C5460883
:10B2700097E7F37D465E9D7A4E6A1AFD8C5C071354
:10B28000A75F7393F5491E5EEAB6B363379B4A0323
:10B290006FBE7889AEF7DC8AD1207D90FF4349EC00
:10B2A000F9137A87CEC64108594B8643688032FF2E
:10B2B0003284466D2A51580340CCF492E3E3948DD6
:10B2C000DE5C11F7F6090AD9D64002F8D83296B1F9
:10B2D000C3F458CC157E8E6402682C140599F7913E
:10B2E000C012E1BAE73A12D454373047A248B797B0
:10B2F000C938DC968CD129B439224B79165A03907F
:10B3000090EF53FB0DF0C95CDCDF115750E41EDEFB
:10B3100077C0D7EC67C0AF15DDA78EA39FACA7B8E9
:10B320009055B856F108B9309BC551379915E605C7
:10B33000600ABD4D074F6AF55D999D1DE4B37869BC
:10B34000C72B9E9A75298EB3322959744E9202DC0E
:10B35000EE7A5689597DF23B0025F34221B4AAD9F1
:10B36000564B46CCE9FE7845267031615054CB15DA
:10B37000B3E2F5DDCAE5036C1DC5E80859F6FD69C1
:10B38000505AEC7795ACCA3292C7A4349069B7FE94
:10B390003FFEACB2771C8C5DA947CDA567A88DCECA
:10B3A0005E53C3C8F4E87ED013869D818A32A7031A
:10B3B00029321E21A4B2A05BC511A3424766FD5FDE
:10B3C0001CB0DCAFC413737BBE4E2A74E08CAC831C
:10B3D0002A7284798883AD639F0358BB8550D291CC
:10B3E0005ADAB739988BF84F2374A3A879D95D1D21
:10B3F0000A1CCEDBE46296DC36E4049A80AF06F7E2
:10B40000730DFCD53BD2FF6D6A6346F499784065B5
:10B410001EED5907B6C135E346E6F08DD1BB68068F
:10B420007904DA7461F03E275368A1EA5D2141DDB9
:10B4300066947BF28C7F58F7629E0B0671793B49CC
:10B4400022B865BC2310BE4CD5224CD5B77222A4BD
:10B45000199BD664B868577A0F6C7D3245E3CF826A
:10B4600028EBA3E59DBE762976C4E2B9745B1A8603
:10B4700004305B9568DE9074423C6CFEF1F4EB2C7A
:10B4800094B2DB4EFB5B01BAAB7301D046C010EA4D
:10B490000EC79A1D656C3D397D6485007220930E40
:10B4A000EA1E3632C0D7E625DE971EBC5081573ED5
:10B4B00059CD877FE27E7EB19EF84296D921DC3E4F
:10B4C00062AB15D606AE17D99EE9E9290482EA22B5
:10B4D00048D1CE69132123A595B4F44A1220897F5F
:10B4E0001CA593AF49E45DCA46408AAB4CD1F8D164
:10B4F000CCC7734DEBCC689FC82FDA8B9532284CA4
:10B500000ECEE369A5788BE057C65C90D98D342EBA
:10B510002B891CDADAB0C4FE32A3A216C9D017E414
:10B520003A02B6E85A95BD1D5B45F769B8314F7BC5
:10B5300029EC68331EBCC8D7E684211D752F4BB992
:10B54000795ABB5AED202EDB525A6C3FA07F06760B
:10B550002659A37C65457D87F3DE808E825FB4E14A
:10B56000AF18BE35926AC799E1823C661676E7CB82
:10B5700015C4ED2BA9BE9808E95ECFE05F5902CA59
:10B58000F4E85DBCB47660DBC9A77FDD8B1DDCEB26
:10B590001B59C70E0D5B370D58A2B266F3B3913E2F
:10B5A0005B46DC1D619C73EA2BB12A1937096BC914
:10B5B000577E93573A3190971529AA0848CBA3682C
:10B5C00074FE1F75397F608EC5018B6AD5B722B8AE
:10B5D000AEBA165A78BBB0AA02313EC9DAD6603D7F
:10B5E000A1F500D8067A6F118161D6FE1B629682A2
:10B5F00032BB90C5733A209316AD043D475E5A6E38
:10B60000E5EE95FE45364C7A15488EF0FFF60EF2C3
:10B610003153A6CFA84E6656106AAFC836B65D4302
:10B62000D60FABD2087BA6870A12AF65E46685A267
:10B6300022112E823731329342A422E4F83ADD708F
:10B64000E8B7B6C2DEFD526AF2F0E994EBA47FC11E
:10B650002BFEC6DAAD21A88CBCE89ED73F3CC0E9E2
:10B660005DDE9729B1C7890170078ADFD79D9D6389
:10B670001A74A98E4C2C3C9873CF30F70B4B087F73
:10B68000211B8B47388741DEE1816523EF4F92E62E
:10B690008827FD10BDC20ECCB6E9845A27732F1738
:10B6A000D9E43EE497BF58A6732A6D121809CAC49C
:10B6B0008286EA29B394E94AC8B5A882E506F380F0
:10B6C000FC56D8FCC20AEAB7AB5693D1C9CE94A4B3
:10B6D000D5E0F72EBD44AD7ADE1C2A96A7FF911A5D
:10B6E000840B98C9C29562925048236A95817C4C1C
:10B6F0008C02CFDEAEB76B584F6C41D6A6EC43D56B
:10B700000858238E9D154344D70042981EA48900F3
:10B71000607C4873BAAA7247EF71B4112B8EC2AA2B
:10B720009B405FD9538F86D27314A170C178744047
:10B73000A792907FB95CE950C0761D896C9FCC9F21
:10B74000C52A61C7CC0A8D8F66E3F7F3F86DCDD6B5
:10B75000268CB86C417EDF4CEC158E0140E0DF5941
:10B76000286C932C154E8DFB0AED8D43A76FBAB74D
:10B77000F5C6C91683CC8A9BA34C4DFD59ACCD921E
:10B7800095040927A69DC1239BB344209C68DDE452
:10B79000B7479390EAA570F63A9F75283F00241F9B
:10B7A000DE36EC2A5725CE65288BF5F3A8217F5489
:10B7B000BC95D205023208EBBFB00E52C850EF3D27
:10B7C0006DD8F92229434C86FFD5131B9983F02F9E
:10B7D000B611328EF7C91B5BC96DD09449685762A8
:10B7E000969870A1948A98B834F13D668421B88205
:10B7F0001EC776196B0DC7B6C9A31D66BA56745D10
:10B8000011BDFDFE729D5DDAF2DC46A0B4812F769B
:10B81000705486613C64D0807EF7B1FE95EE5A2765
:10B8200032FFD21725C8D5371093118A688158EB9B
:10B830006F52D7F40E4784B4D0916A0A9A91847AF1
:10B84000AE597A0BC5F5CBD003C4337219DDDF874F
:10B850001F1F5E71E5C176FAC66EE572A350D675FC
:10B8600082BD8825A5FFC6B2D34E74D1DE99269835
:10B870008B60D274A238867EBE8D36A9D2A281BCDE
:10B8800092127057CDD30605F3BCE43898D4832BBD
:10B890000F11CD9E43ECF3FFFD15449B6F4237A57E
:10B8A000CBA227394B5853BD284AC6F8E4FDEB5CC0
:10B8B0003D27DA46D60FC3187D08CB232F44078CCB
:10B8C0001691521D19607763A7C2ED178F10931858
:10B8D000A725B3E3BDCE0614CFC227D549261679D6
:10B8E0006A28260493AB973C7B9887B3DB3D8A7B21
:10B8F000D6E2F5FDBC247567CFB50C4F0D943EA97B
:10B90000059AE0E03119B5B2B69CA102EE68C9E52E
:10B91000D29E2513C4D2DD1E596EAA5AF0D97B12CD
:10B92000657E8E130651AAFD8C5B72CBDB7AB88DD7
:10B930009EE8A5C05541CFA83DD881D1CD4AD9FDBB
:10B94000A98B7CFEA8A367031072AE4EA7820AB72C
:10B95000C947C494B6E270F286BC004323188B69D1
:10B96000A636D139C3A214FE1FD9AC98D2FD932AB2
:10B97000BE01314EE9EF8ED04598FEB0F187EDADB6
:10B980002DD4E328CF4CD36DBFBC4BB63105F48C1E
:10B990007F7F4D80E267C65EB8A513211964F83336
:10B9A0009AF0CB2F298B9287F331A3B4C45FCBCF0E
:10B9B000AA8997844DE842405442B91F67DC1CB401
:10B9C00096AE39CFD1073037BFDE59FD0BA41D42EB
:10B9D000CDB53DF21D4D836EB8F102B65EF1419BCF
:10B9E000961CCBD78059C8A70AC3CEC378344E253E
:10B9F0001E9BB7BCB91A603B48FF453EB9213C28A5
:10BA0000B73F2F9C93B90B0B6B13239446917FD2B6
:10BA100031FB19A91DFFA66EC8787B855E361E8492
:10BA2000C587DF445B94C6C464A2ABE70B9D6A3153
:10BA30006C4FB209E151D4B8D77B1E0FA767809233
:10BA40004103CF6888AB0976A38A6C51661E50F219
:10BA500094ADD99DE80D5D2BE514945D6F762FC5EF
:10BA60008C27A1BAB784D524BD6FBC882329482F61
:10BA70004397789922A5A775DC1DFB4A7E689E989E
:10BA8000770D7856BCD224872725F8322A99039659
:10BA9000D2087B005F20A55BA67231095077530264
:10BAA00092815C73F7C06A026E90E249664ACCCD1F
:10BAB0008AFA29D21F5B782C1BE38800FA9738F2A8
:10BAC0004F1CF7501AF8134CF3F4BBDEE98EC8454F
:10BAD0008DDDCF913A6249B7153C2E4744DC5E4B71
:10BAE0008A08C811F583566AADF85135126561F5BB
:10BAF000419CAA037DF178F7DFA0256FC375E0C7ED
:10BB00005713FB54494EBB8BC135C7DA275CBF9B2B
:10BB100088A99D736E9D2C72ED6955A0BC21198971
:10BB2000EF7372E2C10B8BFD7DE13D3FFA71F1765F
:10BB3000458F39D3BD0505407F65368E6562F34A72
:10BB40002A687A6DBABE356370B12FA3281033DE30
:10BB500018F0BD9919606E4917CE78BCD8EAA8379D
:10BB6000EBC8029985A565DF8BEDC38C7203E2807B
:10BB7000A05BDC777EEBCA02F45B88AB5494D8ED13
:10BB800067D956F2A62519D76AFBEB785D0994852B
:10BB9000DE17DD7B4DA28C6D5DAC15F2BDC29AC483
:10BBA00053658ACB70722704934EF4F7D934EE3183
:10BBB0004E4BEEF60A3D64193AAF39BD1942CCFA44
:10BBC000985FBF9C929D710B8FE94C61D6C96BBF8A
:10BBD000C84478FF086328E0178805C4C1F6B6ADED
:10BBE0002974E7E8FD8382A7E712C2B41E5CA1EACC
:10BBF000167E2CDF4E65C5F9B93E15CA4CD4757456
:10BC00005C861BD8587B0F201469847535A78AE29F
:10BC1000B262A285C2FA81AE3C044CC57ED5A28C2C
:10BC200065D80DCFDF47D35453BA560CE210A66C3B
:10BC30000E6DD4B09864849A7FF32F6DFF1D9D2103
:10BC40003F97ACAA70C1B3EBE1444006C72EEE5D4E
:10BC50009EA871FFE004E8B6390EF0AFA546CBFF11
:10BC6000C03ECB80D1D90D3EDDDBE5CBCD561512E4
:10BC7000627F1BE08B98DA397FF4BA2598B77BFC9A
:10BC800031211E1135F3D6610F39CCE7FB9A908E26
:10BC9000853946272E7AD444FC05849C1AFB7E4ABB
:10BCA00090549B6171F2456EEB6986447AE1B30D65
:10BCB0007AC4C9164B698A20361F89A8D117C5D7FF
:10BCC000E1C114FF50211FC90AAA150B131D6F688B
:10BCD0006C440183B238249866FD2CCE30A14475A3
:10BCE000A5E44DA974F66E1BCBAD2C729B37DCF22C
:10BCF0003A0700C8E81C6291160FBA28FC2E8895F6
:10BD00007B86EC97084865AFB7B20D0215E11F942A
:10BD1000267FD6742FA636BDCC442F95A1721D81E7
:10BD2000D659B16C8BC7E9334A2A976F6849834B60
:10BD300091BBAAE9B4B987FA6A918F64EC29A08310
:10BD40002DD57A2E89A648CC00C64D42528AEB0FDB
:10BD50008539229DB52E4A502158BF73CE107050A0
:10BD60001566D52AE5E56D9A6FF684E403F9D2B439
:10BD7000D0A4C00FE2957B2F8024B6A4BD75704F70
:10BD80007BA31AC39B50351D93EC63C7C6CD1B29FB
:10BD90002F4B9E60B435610DF24B4059AA1F3333CF
:10BDA00041D6C3FDB6673CE5ECA505938FB11E1ADD
:10BDB000F0278212CFAAAC8ABD166DA091BA931556
:10BDC0001CCE30C978D72C312AB58A938A9B1D2C7A
:10BDD0006355410CBA527FECB9958F2681A609E0D4
:10BDE0002C3B570E1F0C4B3772CD8A5A7BC0A2F7E3
:10BDF000618533CFC4B19A31BFDCC41EBA1A6B64FB
:10BE0000078183758B6BFDE8935E10374D838E1829
:10BE1000F5E8036F1DAA3A2120C17F4CDEEE28FE13
:10BE2000F6971B541C98BC676E713BD4A5499424AB
:10BE3000EA35B0FE53C0FEEFF50A5762321C4BD50F
:10BE40003132B3DE8FC6F5869B33B1B37F863F2098
:10BE5000D6985B097434569FED35916DCCACA90F23
:10BE6000B7910F79B7DF7351D42F2B75101907DDF8
:10BE7000DD6B5528595C522D48E1418FBCDA323DCB
:10BE80006A7E647465B206AC333DBB0E5B379E546C
:10BE90004FCD48A8DA4793C2DFDA6001E53BEDB148
:10BEA000B48CAA4779CDDDAE91A090D4AF1656E9F7
:10BEB00074F11A49A055AFE2193E748D6BE99F6485
:10BEC000DDFF390794BA27C7586CA47E0AF0E05703
:10BED000DD726942570216004291DA5C741F73EBFF
:10BEE00037DC92D9FCBA464BF28B9A7BE061B91FE2
:10BEF000CA5DEB0A51A2F810DC4F05F42BBE59D2F3
:10BF0000131AAC4DF7275671E04BDBE54B95D11575
:10BF1000AABA3DD6FE5E981E5E3E5B47BDAFE1EC21
:10BF20006CC0D0F21C60629ECD7A1B0E44FD90283E
:10BF300080DA6883CA6C54CE9CBC8CCB8A2CD986A0
:10BF40001CDDFF78484989FC07DB4F328BB2E8EBF8
:10BF50004B79F868157CCA3A52CC527B67D3C5D965
:10BF60008BE3AFD3B86F514BAE215E97A654D1D5BA
:10BF7000C98AD9C4CA579E63B72ACF2BABC9A6605A
:10BF80008CED5784B3AC970F167F1AECEE923E52AD
:10BF900048FCE2F4AD6032DA69E83125E14E7FAC6D
:10BFA0000AFD963D2DB07AD4CFE6DB9AC1C3ED8D64
:10BFB000ECF0DD073AEA4E7DCCFC16EC5F3D058ED9
:10BFC0002DC39C27A1A6B6D4C8BA119BE72A47481F
:10BFD000FA8C7FB35784B92C64C582893D92521084
:10BFE000A90BF055B66F9D838E98062230CC83F551
:10BFF000749A7A49D935EF1E14854EF2F043A4B9EC
:10C00000B500D3DFC104DFC0CCAE9AC54B52C5F535
:10C01000EF9694FD7FDDC0AF698DCAAE41B2605925
:10C02000AFB0F91403674C4FA14097B96C97CA435E
:10C030007EE0B15C2C017960EF24589D7788D007B1
:10C04000A3B99612C9077056D8CE9B4E67BF157616
:10C050005AA82EA1D4973A84E14FD9D88D4368329B
:10C0600093CB8619068DEC77E9AC7116AE03D4B28A
:10C07000E687A67D9766822191373E337934804EDC
:10C08000EEC3970D51CFA90EB3333C7FC18C3DB7A2
:10C09000C9AFD3E3B72DBFC309B0A434A93715B3D3
:10C0A0001D508AC0327EFD292E0C723C614E818863
:10C0B0005D073B08B79000513528766972D161B0B1
:10C0C000CAD31510E144C9481D7D8EF624C22A53F7
:10C0D0006BD3B889C4F380711F049EE77F234B762E
:10C0E000DB07F8DC5D298A2DEB2D4BC4A4FEEB6841
:10C0F0001FD33681AA38F1F7059ACB0988479A8071
:10C10000A4BA7E2F6FE674ECB7473E5312EDC0D74A
:10C11000181EF2F48F8E17ED680C69B325486F2353
:10C12000DB9436B6FDCA07C34E41434C393BCD6262
:10C13000D6095747AA79732FB06DEB5C1C979B7F8C
:10C1400097E9E051ABCA5719B7DF299B3218C24BA8
:10C1500011585059B866A24BFC2E01037533518516
:10C16000F034ED8C820F1E3BA2B902943C9DBF536C
:10C17000AA055BDEE121BCEFFA8A88A3AD46CD7843
:10C180003F96286388E0FAD62E55428D93B49E0FD1
:10C1900084642723141C5DA0A82158E71789680729
:10C1A000A04ABBD0B5C7884FC94590A8C5A0084DC7
:10C1B00012520E31CA2A36375207152D159546529E
:10C1C0005371F504318AD43AC4DA04E50730BD5F0F
:10C1D000F8AE37BE446D916677B39A42224239EF8A
:10C1E000E000F45E13E876E259DE8453DF49128DF5
:10C1F00056F988E77C5AC54834939D187DD2ECC324
:10C20000C42A4987051F014C66057287ACA62946DA
:10C21000A57CF161EEFB86850604FE1A2A9C84C685
:10C2200007BDDC517E3541AA5C8757B329116428CC
:10C23000F2189272E76B7516F2516102B61D53B196
:10C2400045EE9D5443C1C11772C63A1F2F9E90A25E
:10C2500056129503630264777B8E33DC8C3BFD0AB8
:10C26000BB103BCDCDD10A4A724A298D9C934F0019
:10C270007282E5EDBE2BCB5F86F4DD96CAC84131F4
:10C28000B214B913F8A2E1824FC18E84132EEFCB02
:10C290000E40AF5CC72C1900411CD2631B449E1892
:10C2A000459A7F5EDF81DDA42193F9AE2E09B56446
:10C2B00065642D380726436F46B859C3F614F2D289
:10C2C000C245C2DB2DFED3C5DDFCF9515264A5D7B2
:10C2D000A34BA825498E062595CF4B20774D9CCDA5
:10C2E000B1426B26024CAE079FE81E703AEA025735
:10C2F000FFFCF2E1AD100BA242975ED01FE9C9EF3F
:10C30000D94C50470EB2215578346B55B45FB730D5
:10C310000F992B337469F0786BC5C62D1F66AE95E7
:10C3200050B067F1416A71F658A29CDD3C3F11BFE5
:10C3300009ED5B84A7798A9D4C79520334255146D7
:10C34000653869119B8AF77028883BC9E4C8028167
:10C35000DA5C440E8ABA27AD1E3A1332E48F98464F
:10C3600062070ADEA1F1C965DED47AD95C193C65A1
:10C37000D31F08A68D4D3B10504EAC2E84CD0EDF42
:10C3800073DF2FDAB6FF1BE9745D37B908E01116C9
:10C390006BF4B92A47FC338D125971E8DF880366C4
:10C3A0001FBC9D0D6B24E61294C0F5B9C38C00D759
:10C3B000147D596964E8870E835BEE112F471425BD
:10C3C000DA2EFF41E05BF03618F4D3F7DE95670410
:10C3D0002610CFD35D79C7A55AF1983737053B9C16
:10C3E000CA125E405132C9D151450A8DD452AE7B3A
:10C3F000D068F61957655EB6386E95631924B3F1A7
:10C400003CB4DF15F6F609C00F130EE050671F109D
:10C410002B999CD0B19664E2BC4029E4128D812313
:10C420005728476744CDA66B251EF2CFD145E0A41F
:10C4300048B8803773ADA867AB0969752E0E8A249A
:10C44000EBA374E515CF96B65F02385C8DA6AB2AD8
:10C45000888D469EDFE4169539ECF2B8CCAD8E8B14
:10C4600032F2309A89AEBA5EB2A735F49B4F2A14E5
:10C47000B6C62631ECD5A1124DF6BE93BDCC1E48F2
:10C4800028214C3C16DE700087CB74851458EDB91A
:10C49000C6E724C779089FB0B7A837204B6ACC6895
:10C4A00009F8FB46F708590C2302522D1DFA606D5E
:10C4B000714539D5B05743D5CEF7137A64C670D1DC
:10C4C000D37DB5A4D8C7B68DF696BF7CA5845D5044
:10C4D0000565916B0973B0247BA92C5E0E29BDB94B
:10C4E000A5DA62862793E971B1749980E9B055B2F3
:10C4F000E28A832C4090C4EA38E67800D8B4EAA4F3
:10C50000A00D56FC29022AED61AF6D274D5B5E85BB
:10C51000317C9FD7E7FA1AA54785092819E6E1C8B3
:10C52000E236E3D7715F33D7D7CC777DFA896E1DBA
:10C53000CB3C6D0937B4F6DA764C590882120A3FC3
:10C5400044653E0E85384A4C68834670010E81F77B
:10C550005AB6567BEB20EA0E3EF4CAE21F1571D99B
:10C560003B75B6B9B24EF3BAA3AD1737783BE73097
:10C57000ED87E989152EB568205D627F7E97B4301E
:10C58000D1440A666D6EA0E1E1E38EEC335CBFD46A
:10C590004B2DCE2581EE574097B882B597AB96EBE1
:10C5A000233FA8F631BC65727E8B9FB5B55BC5BED7
:10C5B0001D5C06BC9EA073C7C8480B67CD1338F737
:10C5C000C53F483F84295B6978783A222F56AF6788
:10C5D000797D07F28A86F0E8D28016A90A12FB68F4
:10C5E000E31A497AD68CED5E23C5FBD2DEFD29DC49
:10C5F000103C55D758F71D9016C529476F61225139
:10C60000DF84E38036A43B27F6E74E8CE08AE973AB
:10C61000E2DF22DB2DEF24AD3B111EB01EA63B95C1
:10C62000DD8B5C4FED6B6A0AABCEA31B06793892AB
:10C630002670F2E7A2F09A589236732151767DB8AF
:10C64000FFC27AF129307ED356FCF6CC76A94F0C86
:10C650005163DB6ABEDCF4A73F4119739B538AEC3C
:10C66000033DEB7624FE1A1F082908FCDFEA6EEB77
:10C670001CF70762970841C9260F18DA8720D9826C
:10C68000818C4FFD7A4D7A70D816A932E785E68EF7
:10C69000F0074856BB578C2BC0997772006A272049
:10C6A0005B415D69F55EF4560E954EFCA5499B090C
:10C6B0006ED94043E452CE34DF9F3ACF05174F6224
:10C6C0001C78211CD1B8338F9CA89257CF9E080F9D
:10C6D0007996C2C2817AB2B773C1EC2B4F494556E5
:10C6E00068B3C35F753141C958C964B0839FDFC067
:10C6F000A30CB7FFFF3696122D9ACDE8D964E3A3B9
:10C70000F6FC3ADBCF6578C9AF7E7B763B63966EED
:10C71000FA0D4DB99FE9E22BDC12DF22640BAD9AD2
:10C7200028506B2FEFBC2FA76BAC33CBCA1E7EB14A
:10C73000A78FAD999B49B47D63F35D7D771F8A43D5
:10C74000C0067CABA80F23EC679AD4D87921213599
:10C750005AD5FE5DF19B59FBEC18C7E17C6DD704FF
:10C760003074B044693BAF12917414E17559BA6EDC
:10C770005DC4E375F39AD507CC3735D6980C1FD333
:10C7800040B0FBF6C2601EA24399387026894FE97B
:10C79000F0C32F8B5DA98C14A8CB5F5F5D1C96AC9A
:10C7A0006AAC6DB0DC13415A3E09545638A4573F69
:10C7B0007DAE6C4CD75AAAFECCCB4229990AEFAC7D
:10C7C00028A06913494112C396613A0A32A6DE666F
:10C7D000EAC06CE980FB16E85F016A81D6234A480B
:10C7E00052087E74F1A9670C4A8FAAC37B48D1B264
:10C7F0006799DCA8D53C0D8E5398CA7BCE1106CB29
:10C80000BFFF5CCF6237500DB42B66F1ED7044F082
:10C8100077D5B411C6BB30E36D7863D7D9761229CA
:10C8200069DBEDED4EF3DC46955BDA53816E056610
:10C830003DBB056F3DB91364AE6A2446496E0B8F4C
:10C84000958021F61D5ECD8E02995BD0FF89D2FEC8
:10C850003947AF9221853FCEA8B1B54AD9A2A408E5
:10C860008760FAF5FCBFC4BDBC8C79FDA46A5B107F
:10C870009B16A6449CB2D44C35E1B8B29B28D0D3C9
:10C88000354460754FAC2136B406EF11C7D1500363
:10C890005808D44F7DBA8902EA7CBBCE5E4CA78E85
:10C8A0008B6747438859CEE87E372195A9940B7F43
:10C8B00045E9D7755030719578F089331BF9D2E18D
:10C8C0005CE84275D9BBF5241CA5ABA74A8DCE996F
:10C8D00022C218EBD13DDFAA1DD78350AAC3C712CD
:10C8E0003CE5675940EFE5EC65E10E9E1C8849A0E8
:10C8F00030D641D055C781EF4BDB965BDAC1FDD90D
:10C9000068B4601369BB099AF399F369EA26046174
:10C910009231DB1E41032ED532F9A3154C1E3BE4A8
:10C92000133EE7A5F87A5C6111A7AD353C2147338A
:10C930006F119A141B19AA90B9B139FCF5B28E3B4C
:10C940001C6115F0FD4F9B67D2DAAC52ADA0BCE77D
:10C95000A7E3EF9F1E07AF10B1C4A5E72854AFD4DB
:10C96000D88E86D1205E1648D17B2C54AF19074A49
:10C97000C33800412B00C722CD27F658E9174CC415
:10C9800020D64423E18AF05C5AB16426E0ABA59B33
:10C99000B4C555C2C173C34AA06359C4D4AFFAA980
:10C9A000CC8A6B19DD8AC6F0C85A5BC2663CC741A7
:10C9B000264F0B79D4673D927A86226B93A5AA54B1
:10C9C0006425F97F6E9E91C68598ABD01C223F35B9
:10C9D0008EEFF5CFE780EC4CAD93E352A00D3F8195
:10C9E0007C945C066282004FF4CDCCACA097917F22
:10C9F000B1A8399EA3EF4390223C9701180ADF6C3F
:10CA0000981C75FB2F185B0CCFD8365DF25B95A791
:10CA1000CE5DBEB9D70E63B91474893DA12C20B385
:10CA2000433853D6EA33778ED45B489DA3BEA4B86F
:10CA3000F06CB7E694B7247506EC24B59274E04622
:10CA40009064CF3F4BF55EDB688A1C38092F385164
:10CA500077E2FDE582136EBE8A9F4CA4CE9AD694EF
:10CA60004C34E087EBD2A4E49BF70750796940FF90
:10CA70009C84BADFFDF2BBADF2F63A6921A947F812
:10CA80001DE63B1ECBD4D4A855030F1DB2BF5515D0
:10CA900015E38C894D67F4E8B442011251B3E52DDA
:10CAA000A85BD904DDB86C9D719C6D305748D8DE09
:10CAB0000A1591D8D2EE974C5F65E9015F1A13C948
:10CAC0007919CAEF75B65636C4CA35EC8D1D9181F9
:10CAD000CBB3B03B879D767D251332EB8ADF793F60
:10CAE00047311B4703C5FB69AD52F4377C7F6D7836
:10CAF000D75D7F5BE7FB2709625078223331D08F07
:10CB00005D0AA3DB91C2908D1AAAA907EE18DB5A21
:10CB1000FEE20D54E46870661FA5AEE1AE08503F1A
:10CB2000660ABA10ACC81224722C585C16D388045A
:10CB3000616413569878E31A12587CFFD5BE7B8F38
:10CB40001ECB4A9CFD760E949662D96CB5C070F7E8
:10CB5000B8190DE6608AF565726085A77991EC9445
:10CB60007DE4B17C5714375C51876279BD277653D9
:10CB700003B1E214571CEF7093D196445C3595EFE6
:10CB8000FDA0807BB9BFB922BF04D3B329361821D9
:10CB9000D79DB97ABBEE7A9E3BF502103029B67666
:10CBA0007DCA49D3B14668711634F745663252AB37
:10CBB000F9AD03E883B8734F08F3D5E74B7CE981FF
:10CBC0001D4136C405A0330651F363C7DE724FB56D
:10CBD00069A592C6EF4ABAD0A73CE5B7B3C6C27BF7
:10CBE0000C1425F1DB6FE688A7E23497CCA2D96E4E
:10CBF00052B6F0197A374EB8A3C0345C2EFA95615C
:10CC0000AE63A3759000EBA263E100548FAA07ED19
:10CC10009BFB00A482F1707E84FBD30D565C4A8995
:10CC2000A9B3D6F64F26E86A45F8702B22A48214E1
:10CC30004758F8D612AF2068C22155DD0522056598
:10CC400098E73130CF3113B36AE57284D37BFAA110
:10CC50005C9D8F97660104B5C6B04874E0914AFBAD
:10CC6000FD11C0AAD25ABED9F693B256B32F94ABD7
:10CC7000963AA6D0D57CE73BAF03060AA830D75F2B
:10CC800091F87F32F221B5FEDA08B6F333809E7850
:10CC90007225E2AAAD3A93C1F406437A39C3255FFF
:10CCA0002EBD3D6C57B489294713417411BAFFC892
:10CCB000D5A714C4D7E7C94A0BC88442AEDB26E81F
:10CCC000D9F777A2DBB8C2D3E3CA84A634C3C606B9
:10CCD000978D44E0F925674FA1670857F500174580
:10CCE0004640F0147086AB1DDF9ECE6D92F2FEE5DD
:10CCF000A05197ECED0F9190A67D48925B70FCFBE4
:10CD000036D8D751573C57E2A3DC7838F72248F59C
:10CD10005BD8A9DEE6CC689EABB7BC7D03CFA01480
:10CD2000DAF26D2E9B28921DE85E1C3EA43464CE80
:10CD3000E9170226F95970A57B1432AC8846EA033C
:10CD400083CB70AA42139A8A6B2C6930B4447FD883
:10CD5000CDBC5B6D5EFA738D6FEC7DDAFAE5194838
:10CD6000952C0E74C5EA06B4379ED8B327E4B39861
:10CD7000CCAC4C443E516CA313A0B98DC4538F204E
:10CD8000AC8B33AE73388285C5A4281F38B2D5E486
:10CD9000159671AFA7235A0560C64883D21638523C
:10CDA0009832D439ECD15E5980936ACD96BF0EFF8C
:10CDB000C319347BA5660DBE1940A891592224825F
:10CDC000DDFE873F96729FCA7E9126059905BD4379
:10CDD000CA6055365105A55892DFE01147EB7CD962
:10CDE000980F30BE1296DC865F5444C7420AD4A125
:10CDF000C6AA9C377E5317CA9EFA6C8142DE57DC66
:10CE0000F422BBC482802806C12B9E9DAA40E94122
:10CE1000223336BB694C869E164C60146432C6DBE6
:10CE200041009E25D4845A66B60A3E3623EFBAD511
:10CE3000C009C25F4417AF7194626B905DDB0A96C4
:10CE4000BE7325ACF11922C7E88A754BEFCD9EB8A9
:10CE5000002BFB839B3EF5C3150B6E6FB0B5CC4723
:10CE6000230612985E76B7DA1C87B647F36E4BCD71
:10CE7000F4738F971523C36543E0C4CD1ACDA7681B
:10CE800066493BBAD586E48251C956A506FFBBE781
:10CE9000E9890A6A1EC87FC85B3FC38787629B31E6
:10CEA00080D09E89964A1E8308D1CCC97CA1A33D1F
:10CEB000247BEBB9CAA0CEBAE917A7B13B5AB9D2C5
:10CEC00034B51BE9D760B7F4F7451AB28CEE4513B9
:10CED000F280D01C3268E9E3AA4580AC67D3C2C7B0
:10CEE00026A81E2DFA913102A6C84EF8303D4A718F
:10CEF000F2BBEBF682145BFBC00674C0E0467FF128
:10CF0000ED3054F076C36A26CC6BA17879EEB7CFBA
:10CF100025AA40F447362DB2C6A8D573FBC521011A
:10CF20004A76B7523E90455F90E58CB312F5A92E34
:10CF3000B598A88A4981FCB313982BFF709C2C6D7F
:10CF40009EFFD71EA692EF8D0DB9A44B011993AE8B
:10CF50008448D5D9A75974759E355985ED64D7D7BE
:10CF6000B7B50B3173225291EC3B281E4F365860F7
:10CF7000BDB659721D6143E11C73725E1D97300886
:10CF8000A6595A1D560A123DF8FE3BC5A2106D97D0
:10CF900014E0A6169EC383E008CD7BB2538DEB7BD5
:10CFA000335CD759A02BC5E26517CA9912089C19A2
:10CFB000E38B7028B758097D1504363CA32521DC86
:10CFC00054D22D5AE349C2ED8FC9DDECB02E10408A
:10CFD000F49C55CC7F634F036990BE1699A75B0202
:10CFE000FBBF09770DE7722442E00B826D416C05AF
:10CFF000417341E0C46E4B9D659DEE8DDA7F228BBF
:10D0000096EC3812F3ADE7938BF0DC6A4C4748EAB4
:10D01000331BDB29C3E7E130DF8058FABE7F34CA17
:10D020001041D01B98FB4B440DF7C8771F1E8EFF95
:10D0300054434B1E229D715074E87539AEC2D1889D
:10D040004E529A3F1FF6A4BD8993AFDAC35A5EF8D9
:10D050006F8FC09F2932EA9FD4DB8B787A73B32914
:10D060001CBA1DC405248A295A7C0ACFDB8CB4491A
:10D0700001E305838CFC8444B3A1AD36DE45869381
:10D080003C0110E23951B52CF9ABC26EB1172EC07C
:10D09000059F8A59FAEA15EA873F7B7CE7FA8C35C7
:10D0A000E1117593DAA50DE97DDF70FA459613421B
:10D0B0002C202E7F2B6D6AB8B71740BAEDA8553BD0
:10D0C000CA80E11D7E3AAF1BACA9A9F73809CCB3E1
:10D0D0009B68087D5F2719B1C1CBF54043BF59BBA1
:10D0E000B41AE38DA70D33C7560DDA5CFB203ACA9C
:10D0F000AB6E56E50A1296D9EE5B44A231F01F6E74
:10D1000096B07061184B76F260F51575291E0D0CFE
:10D11000871C1112CE2A566FFAED275C04014D4D83
:10D12000551F8D89120F3C280E2BF76A22941C4A3A
:10D1300097F825A0A6D83574C9BC8C4CA47AF4C83D
:10D14000A894C7AC69877253AC038F741D5F3EF51A
:10D15000AF2DBE6B3CF7044315A9AC4AFA610E50E3
:10D1600000C5AE076BF76E455EE305680725A2B8FC
:10D170003B51221D2C7E4B8ACAAB8687866E642665
:10D18000581D775301F6B61A1597ED114AD41B1F97
:10D1900046848D98A88CB03CB9FF4468CABC8DBE4B
:10D1A000346ECF69FD9E3D3638325242548B478EE5
:10D1B000D49B84F467E017882EEAAF1DEF2DE84575
:10D1C0007232FAC35E8C9FEE23583FC576C4962B0D
:10D1D000083A84F10B1203CBFF9DAFC6965A031990
:10D1E000C1D1129F11584A6D2EDEA9FC35ACBEE4A8
:10D1F0008DC98F4D4AFDDC3273731339A600AE1012
:10D2000084BC9D0B3777FDAB350F990050BD8F97D0
:10D210008B43FFBD41972FC36B8DEE4CA386D1B1DD
:10D220004F49D7B663912008742FF644BE194CCBF2
:10D23000FFAF52FBBA9B5847450F5321F135986C0D
:10D24000A898A1C258A6EBC1D95090953C5A082A7B
:10D25000910D3C5587D7D94D8ED3AE4DB387671B03
:10D2600073AB9CFE83F27119B7BDD9B692D9C3C70F
:10D27000E850D0013D067EDE57422E78EA8F8D6B56
:10D28000C591B58FE05AA1381D3BB2A6F573219424
:10D2900077CCB234B746D304A8B244E30A0EB44400
:10D2A00067098AFEF1D1E0DD090DDE629CC97B2FA2
:10D2B0001C1FC3EA65EBA462068E97C9F61494F4AA
:10D2C0005DD87294A76B0AD603BA4DF4F868EA8960
:10D2D00099B7E964571F935D91D182D8C6766841AA
:10D2E0009972341D275920F905C95D054E63B8436D
:10D2F00072341D5F3118BAC86964DB778D279BD9FA
:10D30000E2B64A3D1849A3ADC2FAF1A8AD21373BB8
:10D31000DEBE6FEFAAE5EAAA64AD242CD9C5A289C6
:10D32000E2963FEC28A8DE869128089C02590B085B
:10D33000AC0E86B9122B5DDEE0C0CC9866324EE1B1
:10D34000AC3091DC79F0C756363967A76FE1A49508
:10D35000D11612C27F9215C78CCF99CDE80D4761C7
:10D360002653668F5E5F2A3A3D7442D6A0CEB0EC5B
:10D3700020C5FBE004C3D9FB732E3870182BF5844D
:10D3800074318C640A72D40E0868B12D6EB12739DD
:10D390005CBE1850741AD0E6D9EC96AF0841093833
:10D3A000B73EDBAA076CE666BED57C2F0FA1477E91
:10D3B000A02CD8D943A47F060B3AB34382AE6CB1FC
:10D3C000B0E9B2403936431BA75C0B287CA0BC8B6C
:10D3D000F22EE79C9E5A1470D643DC78A03362DAB2
:10D3E000A3AE24FDD5A34352CFE00C3FB35895051F
:10D3F000730722025E201986F1FD40E907B0A2B54D
:10D40000E6A3997935490AFD0A43714BE2D40F65C9
:10D41000ED4B9B2DDB85D77890D462DBC2858E43A4
:10D420002546201AE66E23E0FA3E7F0E89E8300D8D
:10D43000FB82A1DDD684DF7070870592CF971C3800
:10D44000D488CFB81266FE16B64B11C5858A4ABF7E
:10D450001F4AEF985CB785BB0E52BA40E1373D4E8C
:10D46000D8AB578BF2DDD19A2F6CDC41A76F48CF38
:10D470005D70DDB16FEF14CB3EE627EA47EEFE6D3F
:10D480009FB3C0DE67CCF1F07046370C3D1354B249
:10D49000CA9A204FB18B242CE99E917199F7117F84
:10D4A0000DAA26614E17306718C91C09C3CD0F534A
:10D4B0007E1E1BF49B566B41CE8D0E5FE0321A022E
:10D4C000F20CDCC9DED68A502FD54CFC7F0D176AD2
:10D4D000AD9D55A130A4B29875E1D2E10B8C87C700
:10D4E000C70BE0B37663616477259235008D9A8E21
:10D4F000983F9538D86CBDF212F519F075CBAD296F
:10D50000C71862114F8CC0174A1425D9CAFCAB0E3C
:10D5100062171010BF6E97720EA63026E984DAAA41
:10D52000FFCE2E79C1508A2DA2FA2813B1F19BE3C8
:10D5300015FBAA8C2A10BE79C57C2CDAF008DBE931
:10D5400056D3382CDD365E791E5BCEDD525B433D13
:10D5500077855C3C09EFDE16FFE98302B1A4BFA02A
:10D5600067D2CEDFB8956B1C8E0B141807402700CE
:10D57000AB73755E4E678F5300234F577AD86B336A
:10D580000DC0215A2996EA3308E9C7A9D198175D39
:10D590007BFC207B425EC8C55F82A7DD8EB5E67D41
:10D5A000600FE409FAFDCA61A65D96615C05B68963
:10D5B000EC616BE361D2EE95B78E9DEDE238824966
:10D5C00032CA13F0A208D25FE4C11E78C746DF1842
:10D5D000B598A03B86FAED1AD4B489438BDADC7790
:10D5E000DA63AC218AAA537E844CC6D22BBC8B3022
:10D5F0004141DAAF76D4D895164C1B9359DD689F1C
:10D60000833F46169C48FD14E079C18623886683D3
:10D610005B1E5A848279AB86AEF1737582BA21FBA8
:10D620004629C588C3349B2046298A27839EA7B5EF
:10D63000465389CB99E07AC6E15E4C63F441C9D781
:10D6400019CDD3B74B78BAAA07618A31AE38E2BB9D
:10D65000ABD3332F95DCE92C8F03BF02599934CF1C
:10D66000CAC94D44778C716541F07EA5A1E0F45A9A
:10D6700087D3816559695C603F6D87E63B03622B08
:10D68000815B1E4D3438EFA1B481C6C49AF42E726A
:10D690007C9B53D76A083EEB2A2DC5CB1F18AC4A9A
:10D6A00082A012180A7A19B962D390363ACA1C7B42
:10D6B000FE9D0D72B01A58515EEAEFE194B0CD6B49
:10D6C00030957DB8018C8D2E11B12CF2D5CA8F31D9
:10D6D0007D3B9336B7A16FD03B0B75ED9E342F7B0E
:10D6E000069DDAA10026CA68EF2DF61DF7F71B9DEF
:10D6F00013E54B316723B644AA068830D5521B5F29
:10D70000F45D343EF5CA1463E7958952A74C7A82DA
:10D710000A764A9E7E898FAB634C6B4730612C0A38
:10D720000576AD0CB972EB8DE7320F4F8E8381BB5E
:10D730002FB7CC8C39A5318B82934BDE2C6FC21660
:10D740004CBB6D2A890822A1585296440CFB2D8AA5
:10D7500032C01F2760E8C97E57140117360D50C329
:10D760001AD79BE989E081031E008835DD34FAE889
:10D77000B1A756ACE26E492AE08AB9DA176C1042BA
:10D78000DC01E9857B3BB32F8DC956E4882AE72A63
:10D79000E40084B09A1FC5D0434E85165972F835FF
:10D7A0003FC85FBEBA3B513D908D0AB79398D1DB1D
:10D7B0007FB6E585680537F824FBCDEE105CEC17E5
:10D7C000082DAACE65DA4CD6509FCDC5EC26C2896D
:10D7D00086D2880E8D2D59B2B92EDC2B65BAB703CF
:10D7E00040307D728A8465F91BF37AFF96197FD8E1
:10D7F00023CBF38DBBBEB48440C6FEF9C8262CED06
:10D80000B34A1668B56F148CEE25C9943B4E39ABFC
:10D810004FFFE87CE72C9BD3FCFF2552EE12FEDE87
:10D82000373345A7444DF9AF51C99AA6903DD0D2A0
:10D83000A40CAA11A6B211755B65BE8ED983B9413D
:10D84000EB8060C118BB0E6403647D70A7A7C82974
:10D85000771384DED1A4F6531E1302815D97258CC5
:10D86000638E98E754B92F4F642465F14B5244807E
:10D8700003FEC15F1E5D4AA2F2BCF685FD2E4092FA
:10D880009DB4048B3F2A5A7FCB043D64A45623FFEA
:10D89000AC157BF5E137D4A199E3EF60DE6CD4CC15
:10D8A00096FD762A8608398F620CF9B7C9468964D5
:10D8B000050D19716910A7E92D96671958DC92A416
:10D8C000D3869BD5ECF4F709608D36DDEE2DB95C7F
:10D8D000E25B90D224B708855232EB9C1189A9EA09
:10D8E0005421D56E97E5C77FD3F292699075189150
:10D8F000104387AAFEA952146D4C3F3CFF7D8C005B
:10D900008E2F1BF18B6E39B7F16ACED2542A2C2F91
:10D9100092DD14AF292E3B761D9BA8DA80E9F78AA9
:10D9200093E3CC45536EAB6FD57A79D2E2FC4210CB
:10D93000D0821E5350F8CCA1A4002F5F57A9652EAA
:10D9400063C48425F4FB14B2CBEA7183F6605041C2
:10D950008A5E45A3D4D16FFA544DB891EA502F187E
:10D96000841098459386E5A0216984041EE472E63C
:10D97000633B1489B9581BD6C5A9BB6F589862BCC4
:10D980000F6E9AF58530948C609E1AA82DE1815D0A
:10D99000CC10D0037E14066E21E1DC5D750AB50B58
:10D9A0004B76641109DC9203B1A7C99ECB858279BD
:10D9B000767E1C8F95C1233283CB700B5654D6F3E1
:10D9C00038156968B5F1CF7EBC7B8B20EDCA1A860D
:10D9D0003D2E24110368ED89A2E17268CE96A368FA
:10D9E00021A126F6D1E78D4DEF6779DD9EDF1CCEB4
:10D9F00062109E0533019D5B0C78EBFD201563E7FB
:10DA0000934FCDE05630F7E2188110C2040767C982
:10DA1000D30CF155C018A284C7EE60D4D3123B2EAC
:10DA2000FB4511DB1B2D4062E67B1BB61286F8C757
:10DA3000DC6BE774CAC745EC796B4873C5E6AD5635
:10DA400061B93CFC859E2BFF07E920D39CBB891064
:10DA5000798EEFEE1D369FA942A154F8ECC8A8A21A
:10DA6000A11D8FE2C22EB8855EA1767BCC53890CB6
:10DA7000143B7371C2444585E4CFB1F6BE9EC81015
:10DA80005C05E210D84F5910AC5636EF6D3FEF9E53
:10DA9000DD268B7B6BEAFC7420CFAACBFC20DD0B50
:10DAA00067B468A62B5DA8F1179CCC297EA727BF79
:10DAB00011B823BD3858951CAFF848731F950789D6
:10DAC000B55D309D7E2964E981BB15FBA580BF6AE9
:10DAD0001347A733052F78B1B92DD3D49D6FD896AE
:10DAE000CA7C1147BE4BE3AA81F8919C94A9D3113B
:10DAF000AAD19206DA1D1F6EF4AC083EEEBCC41C1F
:10DB0000E1B88A601E3DC41273E2C948AB7E9A89AF
:10DB1000037FB7EF9BBECE72438A7FCC4FD2970E66
:10DB200067C8FF11CDE46CD9E761ECE12CDF1A7A0C
:10DB3000196B0D6258B3C01F165608234010F778B2
:10DB40001BFCD9D07BB6799E35DA5F294A08442080
:10DB5000021A09D45DB2363E0D2468FE4D710EFFE7
:10DB6000F963CBEA891AFDA0D20BCED7655003A288
:10DB70008C70323CF11240F2CAE09B0BEA06E9CB12
:10DB800082A32805876C6F3DC3B4BC2013662ACAE4
:10DB90009A88348C602458D2E857E102EC4930FD71
:10DBA000DDF99BAB71AE03157021962A5E74ACB99A
:10DBB0009DF5B382FD14FD343E420AFF7C15EDBA9B
:10DBC00023056C7806441564274B41C26B81B5422E
:10DBD00068E6AD79E8B415345EA7203073CFD0F095
:10DBE00004FC7204295056319100F17298E95E47A5
:10DBF000D8CEEF9CAE1F69EB54AE7F6A7BF3E10297
:10DC0000998DF76A9E5A4B3FB27541CE1F6DDAD19E
:10DC10008C3EBEB3AE1C8204C1B1EE224916D1CDFA
:10DC20005E6573DFFAFCF883F060844980D72318BF
:10DC3000FC5719BF44AAEE3776ED500CD0E4BD1660
:10DC400037CFC7F565D0F7F05275BF472F9F66F8FD
:10DC50008C88575B0349E44AF5AB072E7A81B10003
:10DC600021DF8C605B82CEB59A3EFFB58566220CC3
:10DC7000EDFEE844CCAA22DF971554CC748249FC0F
:10DC8000C5FF8E1823D8BE94CC9ADCC7FEF16B2D4D
:10DC9000960B914596E366CDC8897B68954A21EF3E
:10DCA0009F697037086662569C4A3439F50FE0F078
:10DCB000CA378625CC84B2EDF0BE58C3B05FE061B0
:10DCC000B953D20B9B4BC6DD2C359A5C1F3F925B40
:10DCD000DF70E463B7C6DDF5EE2F8A4AE0D6D029BF
:10DCE00037A481681AFCCEA158A371FBE9C7AC2206
:10DCF00063DF5771CEA3C920B8E8A2835726C912A3
:10DD00005145C0C1760BED80F1AF4FA2AD7AE1472E
:10DD10000D3BA2D4742EFAFEF58B4AE9DE0C401FAF
:10DD2000AD4EC00C3702D0F36CD055C62A5760B543
:10DD3000554CB3D0B234930950915C167B5C5FBAFA
:10DD4000B7D312183028983F402AD64D8AF7C8FB1F
:10DD50003CCB09BE5216B5029B7B6E6604C86207B7
:10DD60008216A84A5BB290EFCB15F9581C69EB3BC1
:10DD70003A3D3A8AA0DD0E2711DFA604C59C500962
:10DD8000EB3F656B74B46E4B4D9B1C16E991BAB0BA
:10DD90005555C5A1A7F7485A0247429E500402F1C3
:10DDA000ED38E02DDAB5028396A0BF35C203196FB6
:10DDB000D17F35C398163A44BD06CA6E2CA92812E5
:10DDC00071535E4F6269030CC0FE73308D77FE277E
:10DDD000B9810FA203BDEC8F1373D15454C3F3DE8A
:10DDE0004C7F1B9888B29A26D1147FD4D50B1DF591
:10DDF000F1573F1CD87260AEF0192B81D38B90C9BC
:10DE000016B67999AC0E723654509558B6F3B6B52D
:10DE1000BB3F77BDFC55FCDA48615D35A8EF1B5868
:10DE20001460F5352FECD2B92620FCB3995880F94F
:10DE30003BD7A2A190360F9815164930603E8FCB84
:10DE4000E262A46B191F6F6041CCC03DB6CED41303
:10DE5000FEE6961D7981D55A2BF1E9835D1C863C3F
:10DE600048A461446F8FBCEE4E9E840AF8B4F598C6
:10DE7000F040D2293C7F86602483099769B126B897
:10DE80000C78B8F8CFCAF1476F306F4E3A33E06F75
:10DE90004A9CDED00B035ABEA60EE66D0D0DA557AB
:10DEA0000964A4D00A08B257FCB99A2C3D34D34B6C
:10DEB000BD966467665DF94A73DC32180D68733A83
:10DEC000083F0CF7C31DAF61A3435497E9708DF170
:10DED000EA65CB09080D8946A015CD27C3537708FD
:10DEE000351C2AD45E61C32800DA90C5173027F3A9
:10DEF0001987A7E5F0EF9DFF68C5E86423BE10A071
:10DF0000ED19B3B32CF7F60FA0E7C8CF232606858B
:10DF10005CCE1432F61DB9F82EAEE996273077EBB9
:10DF2000B153D8C0363FCC635027A0E217A173FE8F
:10DF3000AEAFB37E275009803CAD0B0D4A41FA10BD
:10DF40001EDCFB140107F180D62C1074BDC9FC2225
:10DF5000181EE785F0E784D8634B56BD2887E28F0B
:10DF60008D1998091C530952893EB4B96C6CB812CA
:10DF700088C83BD12C01951978FABE3A95763C5465
:10DF800024AF1BF37D1A2ED3941FB7C35CA55F5A31
:10DF9000515D2AA5929A5CF36EF2F606D64AFA24EF
:10DFA0003219DCF541E93D9B9DFB2C0ABDB4B9BAA1
:10DFB00020C8268E3BB28071A66AEC204B201669E1
:10DFC000481C14C1514FEB48AD694D437A9A7E31DC
:10DFD00013C4FAAC9946AC7829B3FADA236BD00EA5
:10DFE0009F8BBA77168D24FFBA0417BDFE53789A1B
:10DFF0006B3B249AF293ED411C17FA07DE1736B2F9
:10E00000DED106A55F52940E539EF28B1B21938A9C
:10E01000E348B1851DA116BE733096AE3C2513B002
:10E020000CBE0440E8673FFD8107A792AEFF6B91ED
:10E03000813BF63EA2235982175BC97602787EBAED
:10E040005C1C43FB5C6EDFB7EE41D7A6D6F689D3E6
:10E0500023EDCCD2FA5C3862E6897FEA6A2DE06E65
:10E06000449D0BB867B6A24FD158DC89F41B71AD43
:10E07000A6EF87194CE581A6E1CB5AE53FFA4E2081
:10E08000357FEA46A53A641B0D08FAC4157BEEDB22
:10E090007F447553A94C160256B4E8EDE71D2837A6
:10E0A000D0AE581E1343DD43D9494FDEE7266978C9
:10E0B0005B9C2F65C321976BD40CCC344477C2F1A1
:10E0C000C092FAC52953C2A963C61F33228EEA8FB4
:10E0D000681F5A60E4764939A520C36CC48DFD667B
:10E0E0006F1E365B5764CE540053D1B767D2E52616
:10E0F000C27EF7BD4C268F72823503EF31A34021DB
:10E10000ACD7D3A15AE9EB8EE3A9D06ABAB8DC3018
:10E11000B3482F1B246494FC1B55FEEAB3D66A2136
:10E120007A4603D7DABB5E5F2B231D115AF5805C5C
:10E130002FB68F11AA4BC23DDDCE8CDB9CE0093996
:10E14000CF0F5F7BB01129D7F251BA85E2CC5A04C8
:10E150006AE82B5BFA745E99DB0F03946AC2233979
:10E16000E87B17D4657AED60EA2679FFDBCE7F6C19
:10E17000CECFC2AC49EF168772CC0B7CDE6885E24D
:10E180000BE3D59A1BACE3605507D67165DD5E479E
:10E1900091CA7246F70336032147A09D89EAAAA0D7
:10E1A00022F0817A75376114263388AC78E8947A46
:10E1B000DD181F3F7A200CC411DA68E590691C3F16
:10E1C0004276D6B27CE21AE5EDBD8EE2F2E66C470D
:10E1D000C320DC6AB8F9801C272D34654E333EEF2E
:10E1E0004BE80954AE1EA166AE6720BF4DC9D37877
:10E1F0007B5B8D9153D5FAB201ED88BAB3717C483F
:10E200004C647BD5A393648DE1B12536975BC73908
:10E21000B30692F68096250DA32990D3EB0A32928D
:10E220004C40EE5E4C1BC5838917DF113198AE055B
:10E230005EFEFCD021EAD9118072503F5F6194DF0D
:10E24000687DA49D7331A6D6492E58712934AF5EDE
:10E25000170DF6227A2505813005944EE43E2FD322
:10E2600088AA7DCD925F41E0563A6A833993F631B0
:10E27000CE44A7988CFE9EB637EF4E951584D904F0
:10E28000A15BF536E847AA154707100087F779FA2A
:10E290009C8DC15575C97842197FE72977DECE2F4D
:10E2A000C33A31BB918EB2FE940BB7E5D60349ACAD
:10E2B00069A546B06694BD55031225A608A66FDB76
:10E2C00067756DAA6DCD300BC7671A0A9CAB6B7C66
:10E2D0005F4B8EBC10FE076F83F65CA331F3FFC269
:10E2E00020A703184B94ADD977A8E214799AC9E412
:10E2F000AAB1CC567F9D9BEA34A04736D49C844F6C
:10E30000AF33151B820E9C11340DAF4A8C51D34E86
:10E3100088CE25778756193E4BBA0A621ED21E0157
:10E320007482F7A2454A61EAAD263005A5BBFABF63
:10E330000FD303570F6A9A1D7D118EC18365036445
:10E340004E43754F59F5BED74941A792E9105AC2BD
:10E350001F211B4AEC20C9653B09E9FAB1FFE255D0
:10E36000C2BE747ACFB9E76047FD2D262D297AD831
:10E37000B1440CA02A0E8F5B716D956E27AB3EEBFE
:10E38000DD4DBD7A871624ADBA7182DD95DE586FFA
:10E39000739687EEC2C0961F164DB0EA2E9C7EBCC7
:10E3A0007E8952220BDF7B61F43DE9B7D67F3D7356
:10E3B0000FC125FA3DBC9D856781EBDD909DA2C410
:10E3C000C2A2E1E5578502EA19C74B03B65AD8E65F
:10E3D000BC0B040B7FED5301C4071EC015DBB2A2BA
:10E3E000CC844B704B971DF4FEF24A0CA1D55BCD4B
:10E3F000792037C48B517B97E6D1D344F0D8B2C291
:10E40000C6B387B9AC70169F93ED54AE714B4E5B9B
:10E41000909F6C0107FFBA90B5F7FA247E17383E3B
:10E42000253FF36ED0D2EC46022945C3E02DAC5710
:10E43000B5B088FDBCB511B358C579F00A1A94B4CB
:10E44000EC54EC8AE0ADD9C69D477B019FC8B2C9A8
:10E450006CBB24AEF813F2AF2753626A63582DD415
:10E460004CC6CACBD2515FC539AEDFFE808A7E2151
:10E47000CD36B6CD0F0B4495CD29CE853F9E04C435
:10E48000909D81EA0EB0B26F618B3775E7F682A678
:10E49000E5999ADB44D22480DA7CA24F2BC6DD7E3C
:10E4A0003DB6BF9C381073A78F5E5088018F5AD934
:10E4B0006B9393A5E2FB68953BEC27E6E11A15C147
:10E4C000332E097DF70745D2D6B674327B167D0A06
:10E4D000E22986D66DB80FFB913385C54A7CE8FAF0
:10E4E0008F92AD7133257A18D0F74FBEEA082D18F8
:10E4F000BE0C560C82F01F58E2041129D69A3A4AF3
:10E500009EDCD94C4ECA0F35ADD54F910341A4A323
:10E510008E879C1608DF494616988F8D1E9591941C
:10E5200064966502BDD0A25CD9435864EE4E28794A
:10E5300082DD1FB9F40F5A1F49ABACC0BF1538D5E7
:10E54000CD48DAAC1543031C0DCBED10985E9C90C2
:10E550008B7F3941303DD1FD27A7BD394143D74D90
:10E56000838C5E906A16B89D98F3FA0AD690276954
:10E57000BFC60E24C7C9381E46D9BF29A2F94BB160
:10E580009CAE78F997F184EE1780BFAD04AF9D354E
:10E59000127C08D1F1A5A313E117985ED6EBA9650B
:10E5A00058B1DC4B41808C71EB0225869AD4C1397D
:10E5B000B5F15F6FDED84C925859F3B4B573F60ECF
:10E5C000A1E375352D58739CAA035683507A4142B6
:10E5D00059BEF07AD370EEA7E864BFEB5A95337B4F
:10E5E0007546ECD0AD8B37CF54E5C88E917E49DCB3
:10E5F0001EBC4D09F6012250A2FF29125FF5BF2F64
:10E60000D16119727DFF6D624F8BF0F70635264F91
:10E610004F15949DCE6878E7437F78CA30FEB1B439
:10E6200094947F404604ACD9B8DC233D3119FD7089
:10E63000550736CF6898B008A1125068709EBCF498
:10E6400090A7C015AB3DA30D377EFC36E8848EE362
:10E65000C5FC866F58A4DAC2FA4C6476884C987868
:10E66000DDDD9A2178EB5169CFF8E977BE8363B796
:10E67000B63C37AF1022C151BC5B745DDEDB77283E
:10E68000C432F479D1B866D2172D93F742D8016914
:10E69000F5E5F0EB7B348F44E5DC7B761CA58F3C05
:10E6A000AD348C1A3C9EE6782CFC7DB8DA7267910A
:10E6B00099D7863DB492A10796425566675EB5E14B
:10E6C0005AFAD2A0133007127D901946452E0488BD
:10E6D00035A4CEE89D41ACB575971F38B8046D934D
:10E6E0001EE497121F3295EB2B9B72C305005F77D8
:10E6F00093C8DEF26A3BBF7B29C7B5E0EF07C3F0E2
:10E700000633C85CE570D77DAF25A38FD64AEEE906
:10E710004A7CC7B3F255DC4B1BF44D41D9112CE2B6
:10E72000284C467A1E09A3CF24C3793CE7F38CBF5B
:10E73000D6898D1A430AFC42B0551F6D16B1C2E24C
:10E74000B467415EB53442DEE59DEC7C87224989A1
:10E750003676738EF32BD15CA2F54F07B11ECDDE5A
:10E7600076362FD5B4EC7A1A970C7692BC5B7D671F
:10E7700090B63227DB9823A2A9E535C03BDE2A8775
:10E78000282109FC91E286BEE862C2843E40477DB2
:10E790003E1392A98364064AD99888D671ACE55E87
:10E7A000E3A26839EAA5C0038FD0051515B26694B7
:10E7B00097E540A3A78CE01F78B33C62D7036CD9E0
:10E7C00038124B7FD0AD1FDB67654354FAB29F848C
:10E7D000071E6B793B621530B1A4A6874E91324E6D
:10E7E0008451EFD4FED0F9220C199F93334BEF0BD9
:10E7F00078BFAF108570DA4B1B034AECF2F451E995
:10E80000BDD06BE4F8B8CE29C6C7197F49F6FDB470
:10E810008A89A9763F6BE7FC654655CA2607539A55
:10E82000ADAF9B6403F9F3A7B56594AE3F0944AF60
:10E83000191CA9C5896CB405ACB492D9A7085D8F21
:10E840005A2608C92B21231A27683EBE305F4B1574
:10E8500030FC0C6F1571586C1FBBDE57FD17FD5057
:10E860009B1BB23F5865410388A97A526D9158B3FA
:10E87000A1A188279FC1ED39A97BF53C91696CB4B2
:10E88000A1F529F021D426710E148D39DF40A6554B
:10E890003D90FB4C824365265A9B1CCBAA408B289B
:10E8A0007BCDB8A84DC016E29964F68D8A89CFDC7D
:10E8B000DEE51B4DC14013200BC1F54B0938086A3A
:10E8C000B5FB1FE438C6B1AF2D116DD36750729AF6
:10E8D000C1AD9418AC3407BB195F07B884AE0C13F4
:10E8E000D76F4AE32A46D2BB8E8874DEC3399FEEC7
:10E8F000B72DD8C21924D5DC7550CF740672AAF989
:10E900002E6A493C0C1F3C35DA7485515CB004D743
:10E91000C24AA8E198F05FBF21CD7DCED021FEA2F2
:10E920002E2F8CFEA001C242800C5CE3C5C2B98AC6
:10E93000245BC6F7DA1FC1314C4BFDDEC6967ACA9E
:10E94000AC45A5667A7407F1D7104CA99F1B3337E5
:10E950009C9687C38B9BEC2026E7B803FF1CB5452C
:10E960004BE51916CAEA9206D61F6F3ECB8ECB88AE
:10E97000B2D01E042F5270E9F6B4310942EB3D3596
:10E98000B2F4DE9B5CFF19E98220797E956C4B091D
:10E990007A1CAA9DC6457F22817975C4A5484C265C
:10E9A0002D83A72B8C984D4A679C42440FF48377A4
:10E9B0000B7221DF1A0C1D0A2FB60099C387E408D9
:10E9C00054B29BCB72ED6EF2BF31DF9FC3AA8B5462
:10E9D000C8035058702794B906287F618927ACA6D0
:10E9E000B9BD673DB57F43AA3864F519F9D1077CF5
:10E9F00083285C7E129A60EF41F1CAFE7A71951A03
:10EA00002CB3474EA943A5DF9A8CEE8AFF0C6368AE
:10EA1000C4E181878A963CEC2345B9CF614C4C6AAE
:10EA20000FC0179C45E276919C4F3C62ECFCAE9285
:10EA3000850BA552F210156A917C56FDEC75CCC47D
:10EA4000C8A9F540ACCA351D76DF44F273D83DCD78
:10EA5000DDF3EED2472C7DFAC4243BB14C50359AFD
:10EA60001DC6A2E46C6515B725A26715DE5FB984E3
:10EA70007AFDCAA70EE362921E562CCD518E7E936C
:10EA8000E2E11478F6E85DBB0D855CCF9BD5EFE63F
:10EA90009307DDCC787E449EC09A46240DFA7A1501
:10EAA0007E5E72E28FAE29E68EEDE5DE2444C5235C
:10EAB000BE9FDD3E4D0FC24D86BDD102750A343F6B
:10EAC000ECCC36AE4DFA355E3DC6A711E95A179427
:10EAD000865B713C56E9FD7B3700B38D932D762D17
:10EAE0009EABE3EFD49FCE45AD651CC3CC22F8B4FA
:10EAF000B01981DDBE97EBFD222362B7445705B103
:10EB00004623D6AAA24621B2A36B6CBD095EB733D9
:10EB100088C5C3BDD2E0E9FADB3055F4F1582126AF
:10EB20007AE6F5B6F265831E8AE36B6AFA1008345A
:10EB30007C606FA8FC85775F152FB3C1A9B0EA9FF1
:10EB4000EB707230938153545AEF1DE4AFD0213AE9
:10EB50005F9B499B11D67ED5C63D99D2DF963D3548
:10EB6000479C9458446EEA92D420345ABCF8A1D5FC
:10EB700022021077F6338D6EB2821685D778A434D0
:10EB800075565D5A2418C7BB460A6C2848E98BE1C4
:10EB9000B510793CC6BD2927CE5BB34528F605BF25
:10EBA00038AC82EBB4B13394CDEEAC3223FA3FF6FD
:10EBB0000902AC8ACFE94AC7906C45D34C3A265338
:10EBC000E4B1C27C81BC0B3BD74452942BA6953256
:10EBD000205FA896ED23616229F0AAD5E2E9EBBD9A
:10EBE00034B5A64EED501D1A5C37440E93515B565A
:10EBF000048730BA70FAFCF6D85AE2BB5356226842
:10EC00002286816E0CB7AE726FF03EA3715C061E59
:10EC1000501B6CB9173209250B037CC0F11C03B2E1
:10EC20004005ADFA28A2DFA773DBEE940203574735
:10EC3000BD097964FECC2882AE103BF9DE2BFE784C
:10EC4000FD554C1625070824439F2DCA4256447093
:10EC5000919C9458158D1D9DF2A5D0825B9696E0EF
:10EC60008C653D5CEFE16B426B17A53975E79E63E0
:10EC7000D598C13D5383FEE00012231F058DB0A53A
:10EC80003E16ECE1029CA4D9522EFEEB79A8A9A76E
:10EC900040DB9DD8160D37525EBC859645C1CF62CC
:10ECA0000D17A9FA3EE0C01BF09DDCE0E4932A9129
:10ECB0002CC7622D293031D60637ABC7ED725A44C6
:10ECC000F60466CF2C1480A3B504AAA3AFF3C959E8
:10ECD000BAE62E98F89055FBFEB9D238FA4F982A2A
:10ECE000DB53BD215219E083A7B0F3459B9D887B80
:10ECF000E0EE0A53FAD0FA6D6C513376773068A3A0
:10ED00008289C60760B20A7757AFF9499E3425AFAA
:10ED100045333E89545E288B1EF90EBD15F6707E74
:10ED20001AE644E236267E73877AB0B9138E5034E1
:10ED3000E4C6E15353BFA03A722A6E097DE4F76638
:10ED4000AE023DA9185E3D5FFCA0F96EF72F737F00
:10ED50004AA66C094EADB289CB796A96B465288B08
:10ED6000BF55387603E180A613348DDADE22E5AC98
:10ED700099F473440C2D472A75800CBEF21B7A421D
:10ED8000A029272411A318CFFE1C0FD8605A0F0109
:10ED90001FEFDA011C31B81B258E816FFE25F08D27
:10EDA00089172ECFC82729F966DE6C0A9028348788
:10EDB00068B2454A3DFE4A94B546D1EFF42EDF8F46
:10EDC0002285A75CEBE5EE1E2211FA5F57F1E242C5
:10EDD000E566521F88F331CE14C1ACA18B29C4481B
:10EDE000533BAC9E61873A71296E5C9B17E39FB0E1
:10EDF000F564C4F874F17498C99C4B5F7AC688B402
:10EE00001EE55ECBA1071823DEFE871E38D7BA8D1C
:10EE1000253522EF8FA840F7CBA44D6BB4D8D1078E
:10EE2000182CEE88307011F329E6F58C25CF2D7C57
:10EE30003710576E9E85C0507509F5203CFB223C6B
:10EE40005DB066B245B333E93CB407308104C6E82F
:10EE5000EABE497647D4EDBD057AE417F0FE218875
:10EE6000ED7FADAE0C93FB163F2DCAF55C628C8F27
:10EE7000477FA61AF2E30C39599C3C1E01DE6B9DBC
:10EE80000AD40DF74D1E3649C53AEE7CF5CF253C28
:10EE90009DF82D15668175DED42A248A0A8DB50366
:10EEA000B9B9B32E69AC63A485466C4E73B471A630
:10EEB000535CB9AFC62A196EB3998DAA3392E2CDCD
:10EEC0002296ECC04EA6A4D25D5AF3EB41397BE109
:10EED00032D19D3AE90D7F43EF782F953312A89AEE
:10EEE000D1945E6BED5F9F79C41ACA0410C1D6AE8F
:10EEF00078DB7F29F6AAF8A8C2ADDCB7263192F4F8
:10EF000012044191A797E10F2BB6FF80F67E837A1A
:10EF100036F90DAB08C6551F08A35856A9BC0CC43A
:10EF20007118843BC3CE33916C1071CD9281F61968
:10EF3000D245F9D4AD918CD94F49AF281C068FB674
:10EF4000F4E1E55FF113BB93251E28DE2B0230CDE3
:10EF50007A755D4DD51712838B7397F580503B639F
:10EF6000790725B34C72B75230BF6FE3CC7CFC55A8
:10EF70005B1EF79AFCC783F594FA244D45F0437164
:10EF8000824A70D50C4C62B7BBE2F910B9BA9664EC
:10EF9000E1C88C5F674D5408E0DC8B2AC200121771
:10EFA000D6418D7DD8753430BF0D5777B13A082ED4
:10EFB0003FAE602E58116607FAD29E6C7EF1A00219
:10EFC000FDBB7342DCD1F84F15906AA06D7CE72F32
:10EFD000B86DAFBE919E6DA5678D0F5D3233A906EA
:10EFE000254B54D90A60309D2EAE36909A440B645E
:10EFF000EF1E87A8C9C3768138E00C91FD95DB0C24
:10F0000012C3B784B504A3429114952543B1C91422
:10F010003395B8E111A9A877F6EC4F86EC19C04DED
:10F02000515796EA1149AFAF57162AEDF384A290D3
:10F030003D65B7397667E04E1D4C8A7FDF07F213D6
:10F040006D6F3C14E012F9EA921D24A5113E19805F
:10F0500023E93EDAB1C71E8F00B3623A9B29C7B8D5
:10F06000E88FAEA0F707195E218711B069820EC93B
:10F07000F503FD52597A92D9291541A20E6DD5F2A8
:10F080009BCD5180673D7A9906247CA369CF840F7C
:10F09000B9B73FC92C54EA3EA807D9843FB216FF3E
:10F0A000A603877EA0CF9E21F093FD4729133BAA9C
:10F0B000F2180781421BF7DF44E1C3148279566DD1
:10F0C000219A9ADCF43C830F6BBC74032831F270F4
:10F0D000D45BC55C5D9A1F8B280E3CF2272D390549
:10F0E00053EC72A8279650C9E0769E997784EE0378
:10F0F000BEF9C8F69A3AAC4D47F9C5A47326835BAE
:10F10000CB5CD49515DCC4326D6BAB26A56A76FE5C
:10F11000768F451F7F0A14D164F16A5CCCD390636B
:10F1200060C7E7A467F977173BA489881A3852E8C3
:10F13000558311B8F7F37770764BAC8C23DBAE6A4E
:10F14000AD9A8FF6EF44A946652156CD5D748B7B51
:10F15000C923375F132BC5F6FC10C4486FCD9CEE56
:10F16000452A064A6FE613F456FBA097DF2B24EAE4
:10F1700075994CE952153FAE2FAA8960DD46BD8EC8
:10F18000A791DB25C941C04FFB76340CB93A6D5AC3
:10F190000D2FF47C052B24BBE181A7830F280A0ED9
:10F1A000FFEC3A69B521FFCBFC7CAB569D192E03D1
:10F1B00039FA610DFBD1FA9A60DC4C89071B6F9319
:10F1C00066A85B7A8AFFC38FFD7A19E2951907DA80
:10F1D000A18E73EF613AB4579D7315735B27E39A61
:10F1E00006D8465178F597FB9E753FFB166EEBC728
:10F1F00022F1EE19A4E5AA10AF162D3269A950A389
:10F2000071FE214E19A94FE240B9B4892202640C63
:10F21000497A7946079C767AEF4EA142DD96C781FE
:10F22000217B8D77381D52B17CA70B345698C93994
:10F23000EB6895566247DF0AC80DBC0BFA34376C91
:10F2400025567F039DEAFC8D255BF9707FA3F6B4FC
:10F250000243D65ACF8EFA7F37E81034EEE88EEEAE
:10F26000D78A084987E34D1F506CC88199BB515E0E
:10F270005C0D9156C77D4B041759FBA80EEBABDC18
:10F280007956A0EF5B355F851F3EE35ACEFDC7512F
:10F290001E1B3F4B1BF20B7F3CC0BE179E4823B486
:10F2A000887B29842E4CF043D2B5DEDA20650A5AD9
:10F2B000A4B5E333F727C744D03AC3D3FC3C863F19
:10F2C000057529EF45232A7C2ADAB294461A376855
:10F2D000B0702F84795BC95D7823C0868688B5EDD0
:10F2E000DED745030D14A7A462A3AEC8F321735162
:10F2F00085DFEC3322CEC09411B6E1F91B01BB9F30
:10F30000D8AB2E88E84D9B8E558BFEBC9D1FD9D067
:10F31000A3A02D8660DEF8E42CCD165811A5446F0D
:10F3200019B009FD66BF4BD4A0E5F7A9C5659902E0
:10F3300048C9D46ECD8075C96D710BAA61E53712CD
:10F340007159C597D3918C6A8C3993E7D6DDA08B20
:10F3500017F4E86AD0381A1FC778FB2AF51D321C4B
:10F36000351417CF9A1A65F001881EFA045B84B829
:10F37000641087E3433D2CB68F66DB67C190283E5F
:10F38000B1C91C950227EA3D455BF174A9997062E9
:10F3900013C6876F350A66BA6F0206C29EC0CD5685
:10F3A000899C5459A9552BD1BB2FE0F7B4E8F93A01
:10F3B000681E716595763117B33B1685C0D6301C33
:10F3C000392A4067EC29C64CC44C20A0497BA45D77
:10F3D000C18DA474CE292D75749ADC2DDD67ABEE3A
:10F3E000F2A13A472904286F7EF3E18FAC60A58E25
:10F3F0008250C945B5F9520781656DF13D2A5BFA26
:10F40000ADCE9D652854666F2214FEBE944C4EE02E
:10F41000460B5129885F3485B94F47E84AF0474C7D
:10F42000EC20A0C2787EC3371A6F212D8B72C84F93
:10F43000CC3A0C855AB92F78E9BF13AC2623F9B41E
:10F44000A667188C5B7606A23AA0085F03F1A24477
:10F45000238942CF74956F92B451018155D40485AC
:10F46000098167F880618EAC3DFCE5082B6E66274C
:10F4700073521644AE66C106C182AF8D1F366A0C48
:10F48000D38410390E802BDC87A751F9207220A578
:10F490009774FF5E4E19337A4909C5FF1671311909
:10F4A000DA6BCD42D3A2BD794C86985FE85A5A8D6B
:10F4B0008C0B9B45F7116FBF30DC02AD6E47B3304C
:10F4C0001E83030DECBF05F39878FDB99C82F3729F
:10F4D00048323B5199F054F8660D95FA284C1B358B
:10F4E000E9323AA19A03F2BDDBB6B79D860A0BF06A
:10F4F00080B4F42C1564F146D8D004AAC1686F809A
:10F5000068AFBA91CF12841F7A4BBAE2C4F01505E6
:10F51000A4A16B2022E4DD38784757AA9FA2FA9471
:10F5200090908B9EB08F3A60B7E95B53C2F90A6541
:10F530002F5171A7464998AD228150A81E0FB625BC
:10F5400022CD59459E33FBC680C2709F20D3B7920F
:10F5500093D8DCC2C32D5021EC9737FE1F247927A6
:10F560000697822D9DCCD5A000DF8A38862883831C
:10F57000FE484A7156354B4086AFCCEB184C1456BA
:10F58000B8C6235B7FB770F37E9E3FF787220622C3
:10F59000CEA4940A3C24742041E358CBBD826A6F08
:10F5A000F492F0E32EBB4438ED2D8EDDCFE665AD51
:10F5B000B1F9EF306EA6366D4940F711C5800D35B3
:10F5C0001B9511D11A7E578FBC2C9152628B6D4ABC
:10F5D000D41888D3C61C6C748D2AF6C278BFA32BAE
:10F5E000F7DCB5A49F0B80040D92085C4D958EC787
:10F5F00096BD6C0191A0E06E90602D94D703AC7520
:10F600004D73E6BD95D40B8EE9C6FCC86C42C22989
:10F610000F1AEA606B00D93D92ED7C378AE405B59C
:10F62000EEAC6B7CAF5827AC6E58CACFB3E2217BEF
:10F630003B9C42EF1DA333CF0ED11480D720B7CF10
:10F640004C82EB2F8C6E2AD29A56DB3BA9F415AA7A
:10F6500087A03B43F665DF818169B1DA66578CF894
:10F66000B7CAB69F64BA59D6D96B0E02CE7F7B78E3
:10F670002BCC518E4B5147CCEE8E8755EBC625884F
:10F680006DAE47B56C6F7C69417ECF493764AF83FF
:10F69000D0E3673C6F7F2808E005096CC87DEDD595
:10F6A0008973E06DDD1F421638693F1420573636E6
:10F6B0008FDDBFF8DE88B86A731EE7CD5C31BAFF14
:10F6C000E615BC1DC1477B4FC9162C5E763BF73152
:10F6D000882BFC21D634BD1726DBB3EE4966A30385
:10F6E0005F1301A05458006843E82A4225FF9AD5C9
:10F6F000E8320E41E8DBD01770217B437B8D94D23A
:10F70000D58D8C354CEB0C89368DFF1E3E3C24E5A7
:10F710009994F7EC4F2C198FFE37303C647F7FD7DC
:10F720006C75C0B279D5A64A374B84E38A59F0A6E6
:10F73000E7AE48F246EC788F4EB23266A03B0658F0
:10F7400087CA37AB1F2F023F36A2E46D13884B7D6B
:10F75000DDA6CAA24BBEC6738462A4A311999D8C78
:10F760000FA30D1E29F044C6C9C9FCB6384211AE1C
:10F770007992BD5E717AD2A21C7B1942FBF3D275DD
:10F780008001909E02F7B9CD6164F86A96174DC664
:10F79000E967CC5DD53C9B533C26D0DF16B321DC1A
:10F7A0002CA1AD53FBA38120481D5D29068255483D
:10F7B0008DD7CEA2B8D738574A866A4FC069F5B8F8
:10F7C000208833B9E69B884DC8B05482978471472E
:10F7D0005A9944C65785AD32B6B0A8D8214DC58FC9
:10F7E00051DFC2A9D2CCEF63BD3583A056141EE908
:10F7F0009CE956BDB9EACE5AF9AB41B5CBF24AB253
:10F800002B65D8647F194E1E3D3CBCFFE0DFEF281E
:10F81000BFAF83F7542128C4933A277518E501F840
:10F82000730E642AEFF7CC98526253FE58174F407C
:10F83000133900EE8E9FC1381AB2F1E07ED6093D31
:10F84000ED31E7A94413341A7181A2586BF27D8619
:10F85000B23FBCDD50356620A7EBE597D8CD15A7A4
:10F8600009113B3CEC901D7C13380998ED46BF9480
:10F87000CAF17F65F26D4CECD6265869906F5DF049
:10F88000491B5748B3CF68E1D7039A4FF828BC3ECD
:10F89000F2ED4FBCDCA5031CDAE1185A3C08A6982F
:10F8A0006DDA6AEEF364B989DF844E919E596B7606
:10F8B000D955B55B3F7FE8D3B190213A3E8817D345
:10F8C0009E18E2E4BF9AAEE1EEFB10EE98E5300D33
:10F8D000B592BA2A0405DA786B5DE976CA2808E0A1
:10F8E000A5F6545E076F959BCA74901520D07BFCDB
:10F8F0006229059E4F95B44733C3FBBCE2C453094C
:10F90000B182A4A268C36705DC614F6821CE5B2287
:10F9100082E3932C3DC6DAFDC3BF83145925C46529
:10F92000BB976C6ED7B297516FD20290C769E20A4B
:10F93000C27405CC295BCA3F9CC54462763FF6E69B
:10F94000889B31B660339860243C87181DBD80EADF
:10F95000145145626648123E5BC327B15923EEB08D
:10F960003AEB87FBB3F1B5FE4492C421AC301ADD0B
:10F970003CEA8AB6A52893275FD95C294138192C1F
:10F980003F075B67EDE959BA05F5705A1FBFFACD1D
:10F99000CDD2ECB78F824A60DB3B717A9E249A030A
:10F9A0008073912CD9E2EA09E65B91F686AF323793
:10F9B000488F34C853CCAC095EC24A1F2B8F1D57E9
:10F9C00040E4F5297C412A317C35A887BCCA15CE94
:10F9D000362DF57E10C48510BA2BBB87E86F353203
:10F9E00035B1694C1AB0F4FFC514F7D44A5B69A964
:10F9F000177103E505E4108D39B45326C0EDD51E0B
:10FA0000C1E86A09C11993082C4813A3DE7B994108
:10FA10003D82FE2440D57109869F274AD92721615E
:10FA2000905B11771C93445BB6B668E0ECB9A4E335
:10FA30009D3F3305D0C714A1E1F0ED318D9483E0F3
:10FA40006FB3D1A7D5F19CF40BABB677EFF2B42925
:10FA50008EEC043118EEE3718BFA9A8BCE7BCE35A7
:10FA6000F86449D5006D1139E4E062424383BAD5A8
:10FA70000B63C3A63DE07D8BCF23A89C92EF461A73
:10FA8000989BF1CCE6E1B9B7A3606EAAF14AA88CC5
:10FA9000AF680D19E06CE961A101D316B4C38FB052
:10FAA0002C397C90F59C54AD3EF0854FB4E5CF5594
:10FAB000A03762CF25F00693CEFA038FC428534EA9
:10FAC00019A9F5AED869F5E1B581F537F8B0C711D8
:10FAD0009ABDB6A6E96C3BCB2E322C52F577ED02DF
:10FAE0007C1158AA6C46F00AD786A4714631542678
:10FAF000194915D17430063B299BF38E3430F78AAF
:10FB0000BF54A07545F162B566B7E6D30A9F145F8E
:10FB1000F882A0514554EEB6594509B00175165BFF
:10FB2000E1ECD9278B0766DDC26BC97F44453605FA
:10FB300073AEF9EE1522B2CA3DEFC99A6D8A904FA5
:10FB4000BDAE3E26F2E02235336EDE77C258281273
:10FB5000384CF1ABFE3D0C5FDA8CBB1CCBE06A1A73
:10FB60007230B85E47FD934F711F381E51091FE474
:10FB7000C4871DF0993016F7AC6E2528FE664472D6
:10FB8000A1365038CC400C3118CAFBFE42A3A17FED
:10FB900087FFF1A601FBCC34B5DBB9F7264178CF5E
:10FBA000B3D0A0FC3F6407B694EE5776C79815CE45
:10FBB000FC0E2BC8F26BCABF2AB2E094972C1B57DD
:10FBC0004755C1C6A953CAE818065D5681F6535277
:10FBD000ADF4F269C329CFB4E4BCF8766ADE8BDBFE
:10FBE0007AAB6DDB1A0F224284B0DB09397C419F6E
:10FBF000EA2701AB84707C9FF80A2626E6689CA958
:10FC0000D00D449F7D9F31B2593005C1DD3E45D5B1
:10FC1000BF5EA94A240CF0304A818FE1020B1F61BC
:10FC20005AF6580FFE77FADE481DF5C891B85FF313
:10FC30002876259E0534396555A9678A13B04CAFDF
:10FC400058728B7C1B5698CECE1C36A204B3756CB2
:10FC5000FBCA07F119584E48CA37620A57C9C598F6
:10FC6000069C68DA4E74E10792535A8E2B964561D2
:10FC7000EE817B84DC4744C054ADA3FD4AD6ABABD8
:10FC800096B17B558BC97E6615E64984FC6D1D4196
:10FC90002C786CCB8F89A7D5D75F699BD6EF260CC4
:10FCA00033BC52A99B3AD880A046BD5CAA3A5B738C
:10FCB00075B63832C2AD53D3C4CB88C3EEB1564CFF
:10FCC000027CC4C2D4B351CF5ADD8835C5BA9AC3B9
:10FCD00093908F2D697A1DDA46D6E440FA22888106
:10FCE0006B2FF2E9103AC9922BAD50E05F696D3885
:10FCF000BB50BA3C2964384F67E87C81845EF03A97
:10FD0000A1C0A515996DC916583DD2729FD011FAA0
:10FD100047AB554B9B05C6E38BA5F6662633DF0B39
:10FD2000DAA38F3F563347830133F834DA5971B180
:10FD3000BDCA7B07904549144FA223A262BDBE4DA8
:10FD40008CD8B8DA8F8B57BC768168B9AA23FDD6D8
:10FD50006167ECF64491C22B1FE325827450F44393
:10FD6000E7CD003963F7F0AF4FB7025BE51D0F46F3
:10FD700084C6933AFA894AACD34B34B2D702DA0A32
:10FD8000E8A71C373B314D53B32CAB821A477B7A23
:10FD900027501E60DD9B7FAD50EB9CECD46074530C
:10FDA000377E8E7F5481873B624378B512444FD9AA
:10FDB000BBC5683DF12C5B94EA8B2FB219FA5C50FD
:10FDC000F14516A1E1968A9AE0CFE75888D222C37E
:10FDD0005A0559F7A0E9B819F3179098019AC7C6C0
:10FDE00049CF25E94192F1E528831C11F425ED8CDA
:10FDF000D0BDFC4CC01569E8A51FAB486A10F1499D
:10FE0000A66F471A1BE47AB61F3CB4B67EF2029C7A
:10FE100033CCDCFAA5995B3097B4F846AECF1E0A16
:10FE2000CE3FA2D68FB2FB9E6BB1A285229960FA1B
:10FE3000F0EAD09982C27944DD73895EC51EA18B38
:10FE4000DFB0A8686C7680CEA66E4EBB7D32D17FC7
:10FE5000D20282BD772A3EA7B16642C8C5C553AB60
:10FE6000FAB9057F7D20225B5B4AFA899E92D2E92E
:10FE70009A92B0CADC1026C603A9DF5B3A21508DE6
:10FE80007937926699FB9DA73DEF66845999C8F72B
:10FE900086F2FD7293F11D066E5D0003E5AC6B67A3
:10FEA00015602982AF8A717DD09C895794143100E6
:10FEB000087EDA5E8D8FCFEE53E66A2ED93D8D1324
:10FEC000E19C9166068882353C753C1098B1DC68EF
:10FED0005B388F1B5107D916E9B77A7FCB670D576F
:10FEE000CE1061A1B0E27426531861A595F7D5D064
:10FEF000DF6FDEFD450789A0D8AFB7FDCA0B5209F9
:10FF00007E896CE014CAEF53FBFB791ABB50775C17
:10FF1000988477D007817F6D28139C3FF40CA24F03
:10FF20001AE51F1E49962200306A8DB8454D51646E
:10FF300023A0AF3B5A74C281A406F8C03A96AC1312
:10FF400029BE7C227FD92CB46491FA01BFDAA47156
:10FF5000577A0FB8A1A41618CB6AA1D730215F3009
:10FF60002C37D4E5B2C0B70CE077667B6F2F7E1BD1
:10FF7000DCF4B0F842F5C496FD5BC2261A0EF760B9
:10FF800007DFE66512A3F2E68A68A39F6AC3D71269
:10FF90005EA0EC5518B7482640FB6674B526EFB452
:10FFA000A52E6F6B07EE8FDFC500AAE3721E4DAC66
:10FFB000764146B8ABAE7BC1359543BE7147A94D7E
:10FFC000E82B8F6B18A50CA4F3A7DF882517191C45
:10FFD00098CC1BD66455AF18469E69792147F41F0B
:10FFE0004CCC1CBFDF1E877FF7A60863F9BEC07626
:10FFF000E765FC78151AD207344061DDB816E09049
:02000004080EE4
:10000000C724DD73539292FE5979B6AFE49DE15A4D
:10001000FA832C862B31AABDC2EBC68D12D1D46EC9
:100020003D4079F1DBABE1115704F8CF9C7E632FA3
:10003000953F3F34DAB39A5B5F93A207CBF26FBD73
:10004000ABF62E023879AA20E43DA6F06AACF001A6
:100050005F23CA55FFA4263F9C156717C8DC1FAD58
:100060003D31D724A86D9622E2472A942C724C6D1C
:1000700058EEFE4E3AF80CFD8758D583E4D08460E4
:1000800064FC7B25672BE963793023D2EE83228DD4
:10009000832CC11179C2162A4F7FA988A9B22AA33D
:1000A000DA5CAFD9C12CA116CD2FC2F97391783487
:1000B00093CA28593E1F05D27B2CCD5E057F2D208B
:1000C000490F9C18DE7B7D073E8B12A9676DEA976E
:1000D000BD4B6AD1BE61332C70CFE075915DFEE9F6
:1000E0004426E16D73EDECF94DCF989C3351A5E6B4
:1000F000F09E72703B180560BD63708E76BBD5CBE9
:1001000001F925742A57C22B5C8B59F44DE667AF71
:100110002B46A01079E2B5B7414796D2818D876D05
:10012000A5A9A5E81373BD08421BD8C330312FCB56
:10013000C29699760CDEE36C3F29D263FD8F0039BD
:10014000F3D17B84E525C3AF30F9B090376B0A5209
:10015000FBE1C586C494F3B4498F6CE3C17C17E816
:1001600048FBD7F957657E8AB5110D6162E3E4F962
:10017000700981F89CC5351146FD9E468ED2C94155
:10018000F746FBAE9802661545C15E36DA67DF3F7B
:100190007DBC83112BBC76D94372342CE9063050D8
:1001A00021F4E08383E987E1F548D9D5576FDBD7A0
:1001B0003A9B10766C5D2DF0379C5ADC133DCCF6E3
:1001C00054BE7F2CA054ED5903F36BB61F44415C21
:1001D000AE815F22B46665E230DA1426D90C133F93
:1001E000F9C1C338F8DBA202E6FDC52A163C5FA3BD
:1001F0008AB2E271A18999AA3226D57B458BDAC8E9
:10020000C384ADBBB729D260BA0113CC71A21895D3
:1002100097C086FB2F7308EA9D63CE6A5C5F3D4101
:10022000C943C67A7DD9844D74E3542D0B0CCF8F0E
:1002300054DE6511B307516F77613C7ECB06B7671B
:10024000E9A6A7953095C81ACF9F34535D9E309884
:100250003FBF839CECD2EF5519EAE885C5269E493D
:10026000BB9E0D5A3B4AB97DE91F4378F2D9FD4048
:100270003D88C2B46CF10E2282D8F2B14B6DE57E9E
:10028000A8A063003A88982824B45B65758B155E36
:10029000278CEA892F4E3A10C5BE2AB4C86E2FA902
:1002A00088E11DA4ED0702CB1189A8733CB0D0985A
:1002B0007C70CAD7C918237A5617BA3E647981B3BD
:1002C00004D2697F2B5539764502517DA9D258F069
:1002D000D349DBB21B12C7F10FAF7E52400B362A57
:1002E000959E2104A7BF3B2C8B34CCA9FBB11544B0
:1002F0000208E8D4A3BA1FE4D6238BC797CE86ABF7
:10030000ACCA1D763CB52A56F52BADA3B687E3D70C
:1003100099C52783F9EB61425176D40C725BFFC417
:10032000B00382CB442E56D5B22EC77CBB6072562A
:10033000A9497671B5735F95DC55BE7BE7FCA14892
:100340005234751BA9B7579F434274BE929A2BC172
:10035000E6689C05AC48F6E8280F27D8A7E953477C
:100360009B4066CFE998CCA4E9E6FA1401F542DA9D
:100370003A80D51CCBC9FC1EABA92E1C486F5C74FF
:10038000FEA15C7A109E0EB8EE7F5C39BD41FE7115
:10039000D28466254FB72B14BF56D7C916D612E79D
:1003A000DDD91ACDADFB26F7E0802C3C535CFD2C4B
:1003B000D9D3D17523B5B1E8B401B2392459E6E2F5
:1003C000B91C4E0580FB77087764DD764AD58A3400
:1003D0009ED93D7A44521D9DD147ED3D957A2A8D97
:1003E0001B74494C4E981319E308543BE10BDB4551
:1003F0007969A02FE22BA5517DDD1CFDFF075F6F02
:100400000C7657A83DBD1C383BF1938E9D68BD0D01
:1004100059EF750E89F77C6CF528A47F6ECF5A5C76
:10042000071017D7268C7FCE7BF5C95800F1BDD2B7
:100430002AE88E3A1088F435EE525CCAABBD8C4285
:10044000F34895DD54AD83C7194B11FA792DDD04BE
:10045000386B9E9A755360E6A94EBCEA72DFCB13E7
:10046000E252E0C6C5860B00BB83F85F1541186DEC
:10047000C0F3E600750B404E6A5A7D07198358ADEC
:100480004E59C6CA7E54CB6910464A7CB8C6107E07
:1004900036621D1E08D969855C0B310935102C6543
:1004A00010EFDB3ECBBAD8D8C92F63527CF02A4676
:1004B000BF5DEEFD7C294C4ED1835D3E0606EF29E3
:1004C000D4938CD821260106E93CD988DAFBDFC514
:1004D00047AD7B8FC4D1D77D6F2634E1C30048C0C0
:1004E000B6F937414EC8C7D028405110F8FE6C3CD1
:1004F00001880D2C79279A95831A197DDE31B00376
:1005000013903D39B26472C9F4F89F9A9B9871A90F
:10051000C51A983D30B2E20258AD88725E99F589ED
:1005200010E6FED45D3CAC84CD5913C6A3A6058F5E
:10053000D71D1E6EE119B40D11BED980D29E7C1854
:100540007079C02C8B8CE0FEFE42AA8A7CA0035AF4
:1005500048349981008B81B955BD380F3CE2313365
:10056000431B4EB87553208AB951E932AE03C971A5
:10057000E19AF5A0F6FE76A92C5DCA13EBE7D3F35A
:10058000921DD4D1CD1248195364326BCF98C6BF97
:10059000D937BB376D8BD1D79C1A32C71FD202EE29
:1005A000F2A8593F9D1BA7C7365D787489534096C2
:1005B0004107F0BD24521C73B1CAC7C82D46771439
:1005C000D6AE32F3909552FCAB40135F21C0273C6E
:1005D000EC2C1157E53DFF2869D5222F27385E11F5
:1005E000B91FFA41EAE271629CD5D4F1F153EFA749
:1005F000279F9936E57460F7AECAF4D86782D7268C
:1006000067D328DE256D932DC38DF7FB15A6E72E46
:100610003F778E390480812BA4E61247D993C340DB
:100620009F399A1AF21B91E994AD919297B3FD2BE1
:10063000B566EBEEE96397B000D27CD9E37C8B26FC
:1006400023C16291C506691E449813B6448C522793
:10065000C4DF151D98D228A47C2AA1FB5D9C6D7D6A
:10066000CBEA34FD3027003B4E4038C528CE3C0F46
:100670003A463D6506F872168FDB64737B310D4494
:1006800073A6CE362E1E40723FDF127099E419EC2D
:10069000B5862F7B9796ED9250581F295488B84500
:1006A00079ECC2B543BC53A5A0E58130F02924976D
:1006B0009030D8949A6A963C25D6835714AFE1C7F8
:1006C0005150CB470AC005015D10C305BDB3F260B0
:1006D0005F8CCDAC9982156D5E31BDB2A4DEE95060
:1006E0001D741DB771A6FCA561E9F6CA3A05901DF7
:1006F00032B7F7B13CF5E6C1301A90C836C142288E
:1007000069AF87DD888CEBEDB3D3F9A868CFA2C4BD
:1007100083ACD367EAA6E75EF03FE547F795F4E1DF
:100720007FED004ADAAFC4100FC674209CB7E2E533
:10073000ED6807237356DB2B0144A7355928AAD847
:10074000F42C677475B53E1B447D3EEA409EBB9118
:10075000BB26958C2E3D0D885A0FD53BC1BBF64864
:100760004C73307F4CBA83F44A0B1D5218573270C9
:100770001E6EE952B16554338EBEF28DBE8736814E
:100780006DA16DEA741BCE5AC716E82CD964AB0B69
:1007900055825FE011F2553354077A5E5397875FB5
:1007A000043273BD731BA6D48D9324B2AB24D497AB
:1007B000E7DD790976C5E1F083623126A7104EBCEA
:1007C000796AD92DBB4C6DA45D512F7E6AD11C096D
:1007D000ED6A5799CFF64149C3E5E5414127457890
:1007E0000421070365B6469DACFB639908347A384B
:1007F0006E948AFE68ADA8384BC7D6941E50DCB8FC
:1008000089B2672E0674D01F3A582AEDB16A8DDB83
:100810002435ED46176F5BA6C4E71A81A7756923D7
:10082000EB4664E75EFD8335D18C887531CC3E366E
:10083000DF0D96EBC9CEF86AA12D261DBD42B3F798
:10084000F7278775CDDBDEEEA2EE561FFE19A175E8
:10085000A805B42C2CFF11427B7DBB2F872AB4AA9C
:10086000C6B6BA26DC217900B84AE565A48F50499E
:10087000AD862F3E1FA3F151FAB461CB89433A7A7A
:10088000E0F26BDD25F75B99B3F64DAD1D6FA4F378
:1008900048E9AA753934FC9E17E6F3702C75E51DFE
:1008A0007928ED9F4DB131B25ECDA851EA1EA75314
:1008B000B37B060CEF13B34FFAD462DD3DDC961028
:1008C000D96BC88002D108418BE4336C664D424F2E
:1008D000A6ED07726D018496A0C4E77C620DBF7817
:1008E00043DB0C22D2DF361956BF12A00A993CF521
:1008F000C96EA4BC2FFBD8468C7A1E40654EE16FB2
:10090000AD6378BE30B5A681B29606660A10D00AED
:10091000B8A965FCA95CC641975D09E20D5775ED64
:10092000B2B89F06F061F33E78B30B6DA37BB3536F
:10093000D551C6746B7DBA9926EE6242CB7EFA71B0
:1009400063A358349ADC2D4D317D6F601BE3DBA728
:100950005126D0358FED81A07A38A8A63DAF296702
:100960004CB4590A143AC7BE9F174C1F70944FFBE2
:10097000C7D750C14B2FBC03717FE34F276386CA93
:10098000EDE971E25EFC6BBAFE10EDEDFC05EE4A9E
:1009900018B9E7864029B4DD7D7C875DBD3A885370
:1009A0008AA07FF008F1454C3CF6189E78AE122CD8
:1009B000AE58661B21E30F735C7343EC38680C3B45
:1009C000D95421CC3AD0DF0DED5BBD6962FB95BDFA
:1009D000A405BFF490D9B38F50FDD3A4016434169D
:1009E0004C2B9B08040EF09483D912ACF40F0A3EF2
:1009F000E8B6753C55955B56C5ABECD651D531E3A1
:100A0000D00937158521554121B53B8FFFD36FD9CB
:100A1000E954AE5AD3DF776E4CF79270EA2F08DEB6
:100A2000EF8AC96724F1BA357C397E901787AD1AF1
:100A3000384EEE963626E15E49BB1645051B7632EA
:100A4000E1A75D60153157FFF45CEB88E65D6D242E
:100A5000C62522E8D37CC8C883DD874F1E336CD4FB
:100A6000A61AC13B270695E9FDA3D17A22D8F9F051
:100A70004E222CE9F28EFF78F1734D840FF449F188
:100A800076081FF378641D3725B9378D7FD63C6A09
:100A900068BACC51D839297E15240DEACB116DF2F4
:100AA0003E729C16CDC5257F73FA64E94B3473A161
:100AB000428BF1CF75362D6D3DF34BEDAC5A54772B
:100AC000FCE59C2B554DAEFC85F210501B2869BBF4
:100AD000D99C3898033FE07503B1B1834D01C1F350
:100AE00028D173BB024CFE51984FA9D30C2E459EC2
:100AF000533ED1F71D09BF66285EABAA56EA1C4DCE
:100B0000401BF29DBCADF5A70DEB15DB3D13AE5BB5
:100B100068FF38AD8CC32D3E48006527DFCF1B270B
:100B2000BB11EF5BA5A7E03AFB6E82EF8395A4694A
:100B3000CFECB1159852C187A9B3905F5A70E2CC3F
:100B4000E8DFF155863EB3C49740D07CAE13C57B39
:100B5000DFF0CE62ABB4C3FBD5A9926B910FDBD6AD
:100B6000B3452A328B3EF37106DBC26D92856E71FE
:100B700052CA941459231185D3A9178D2A6DEA8B73
:100B8000CC2A8E03021C8A05BBEE7FF04764D55C3D
:100B90001079EF52887583BD3F0905DBBAC7EC3683
:100BA000202F2EE418C649480CD2F86386DC6D0865
:100BB000B90B865D26B71BF230358FD5DF4375281C
:100BC000C8441C5EB72A83BCF63B73F8C094ED772B
:100BD000442F52127586EE664EC17D27641FA1E830
:100BE0002401094A52B5365A938CB96598C938AC74
:100BF0008419433BF10D80BD1ECE34537983589D3B
:100C0000E1CB87B7BA466A6872F49991966955380C
:100C1000D1B1C67906AD953429673220294C8EDBD7
:100C2000D2634B24BA6D0E4E522B02F3EA88828EA9
:100C300093C2594433A6F6F28F6EFC7F2AAAB6A857
:100C400019F64933D2B0AB0B14B09BB97A696D1168
:100C5000BF65FE7EE708BD41A4888FADD29E1C6DA6
:100C6000A159123D4BEEF4D2865A2C3550352B78D3
:100C7000E8FC4643C8A9F7BCB50461802E73455D06
:100C800035E67D415CE3D7674678E3049FE6592566
:100C90008B0618D88311A43568118DBFB506A19DA8
:100CA000783CFF98FF5BB674766F80407007479C76
:100CB000AB9FA1558C3ECF183A851D78DA56F7FDCB
:100CC00069045EAC6233A3C45A361C56155B160623
:100CD00037FBC93A957C4D579D404A89F64D457181
:100CE00021E610CD2AF3F83CB700784C4122970A50
:100CF000855C35DAF5F2331A70F6DF2FB442ADAC0D
:100D00001C6C9F9469DAE84B0E2B1DFF626242B4A3
:100D10008CAD66DFF5C78CAFD7F46A0BA8AE772928
:100D200031A3EEF4A9D94791F0998CAB1C87D0750B
:100D30006D64967FDA739447F99990E8014CF981D4
:100D4000ABF5C9223DBE058B7EF7F449FDD12338B2
:100D50006CD3446A8F288D4698EB971C49D9C8708C
:100D600050D96B3F32D3A6079FCFE8194D1542618A
:100D70004A906D6DE1F5261F627F2BDE2984B98ACA
:100D800064020E6831999F93C8D80437133E76B930
:100D9000739DEA69C785C8F71CC0FBC72CE816AB72
:100DA000FC58470631E7210D01013E75477A4F4F48
:100DB000BC8E71604CF12AD305434BBE2DEB5242E1
:100DC00026B9DD39A7290B591B59E2F92F61AE1C51
:100DD000969C3FF46B94530218707B783EA3960F59
:100DE00055E9960B8E630456C3C7E09A6C94FE7E59
:100DF000B34AEED3C1E622A99F033C20BCC4920AA9
:100E0000184371A0D576178AB70F6DA022B2E4DA25
:100E10009E35A4B3EC20176CA74738F11CE8B36AE1
:100E20009A6D4C29D1822C823A14807A6521E3D3C1
:100E3000221FE3D9D57662B74EA235D4EB2F4C44AE
:100E4000326568108C5956FBC7BB64EF91C87FD7D9
:100E50005B63B738EADC42A63C69213D407310D29F
:100E6000759251A4EBFA8E6D9423A2A7A6BAB5B5DC
:100E70000E7292BBC046E035F86800E57FF2446828
:100E8000477143E7CA2ED15556D5A741A7064F70E3
:100E9000DF84A0C3610BC97324403A6D6C72C737FD
:100EA00029F9157FB0ED0C79CF80F7AB0D7675F190
:100EB000952429F47CB982A4E2B5DD987A80247D5A
:100EC0002A9119869D329BA268E82AF7CCA2202A93
:100ED000055040B83994E5611FD9126315861EE8A4
:100EE000B2ACBD74E9DD5D2584041EB202FC46C1CE
:100EF0007FAF3FA2ABF324B19D75ACEC231BE4079D
:100F0000D138259C580C75C175DDC08F5BD7E9932E
:100F1000873D4578FB0D2554B93085FE57544F7BEE
:100F200096D5A77DC57A3D7E19441DED034CC19E23
:100F3000B7EDBF8C97C23918604D4F72CB634B0C25
:100F4000257DEB58490F6E368D4D45235645CB33E5
:100F5000CE333E7A7E05E6A8463D5AF426F08774E5
:100F60006DD9592246F5B85AF095154336FEFFB8AB
:100F700041402C571B1356F7B25D9EBD80AE8EF6D6
:100F8000BDBD01C678389D1DC94B54957C63939BAC
:100F90007DC6D2F2893B7893E17521EAA58969D6AD
:100FA0005E64FD180D3BDE5CD231F48F5E08736425
:100FB000C06D339AB1A065F845BDC422F1BFE664A7
:100FC00034B84DC2FE4C25884DB63C24C8AABE7D1F
:100FD00066591374BEC6D14B87A3FFD190D21BD7DD
:100FE00021916E83DDE59E34023B7106FC983173DE
:100FF00035E3EF786A0B1BFB036AC29A4F178044F4
:1010000082E784AEEA13D7872F0BDA23AEEF9493EF
:10101000DF594AF829A8FB9BA6B73BD04145574763
:101020007E26B6D6D9B79949116AE828ACA484813E
:1010300064B8221685DE1BC50F248BC3CC2A4B0D4A
:101040004F3258375CBF0A6ACD4E567F692787EB0F
:10105000D8C1F157DC3930C721E28B0769839E2262
:101060005340BD9565A71A9969EE2B6F6BF78E9F5C
:101070007E7A1E3682E57F387F2C6286439160F24D
:10108000C3F75F60D00B28C32C6B9836241B90C22B
:10109000C70F57FC62D5B915461C690F514DD66272
:1010A00068873005E9B6C1E25EE2F7728F755BB31F
:1010B000522F72A22872867E7C6A74C723210AE0AE
:1010C000FE102B8BF6C8F132FB817DC7103713EE73
:1010D0007D608B07018FFF6590EA96496C4F21F781
:1010E0001054A2D4B1AE49D363065AB87095BB78F8
:1010F000E66C4EE6ABAB48BFDA57A01248D73907CB
:10110000380998327DE3F497C2917F602851998322
:1011100063D859A542CDFAB3B53068F03EA76373E2
:101120004978D73F60118350979FDC5F8C4CD8D1B2
:1011300013EF1AB53F63E2A7BE7DA10069567F4950
:10114000B5522B4AAD7A2A9626FD1F34A1B9CB5849
:10115000EC96E560B37FA914076307DB554A653F4A
:10116000FA5DF3CDE6B92974BAFE67DA85F285C96E
:101170009C72D3A5E9CC261A3C71B27ED2461C39AA
:10118000D231D29A1C4F10C7FE3626A59CAFE88EEE
:10119000AFFEEBEC43436B8ED624AFA8A91C3C8C6E
:1011A0004305045A6ACE319122E6BC8472BDBA4628
:1011B000FBB9FE830292A5F46A4E316171091907E9
:1011C000F416A670D2315771234712B9542DB1C409
:1011D000795FBA8BBF632621320AE5633942BA4888
:1011E0005CAC1B898B514E1406BDD82B9025C67C58
:1011F0007ECE86019B1C6C9C4CCB1A34A77923F2C3
:1012000074B48004799F4EFCC8A99C0BC73EADB353
:101210003B34748DBA7A9F2FA29ADA5374C1D6CF19
:10122000CB5146E08D80FADEF37A885D7AF404C50E
:10123000E59D4EC81F03BA68D6C1A8F6849D509A92
:101240005AB0D88BEC9150FE0EAC1FC8C21619B321
:1012500056AA0D59A04FDA14EF5B5A558679D3DDA3
:101260005EF1F715458446F95A3D97D8F2E0CEF481
:10127000D1C542051E647EEC7B17F3A47022B52312
:1012800002988F1892096EFC5CFEA5757556113B8D
:10129000B1F90A4DE9B44571A8E9057EC704C170EA
:1012A000C73218BB8D75CE926804996C20F2B3BE1C
:1012B000CB01500B30CB26D7DC0FAAE1B82EECE7E0
:1012C000F7F6A066EBB573C06759B5F5EA03A42637
:1012D000A621AABC3E4CCED9C81BA2914376DE10F3
:1012E000729F7C40894E5276EC36DFE4B1E40A2EE0
:1012F00072C5039B65B6C9F2C08AEDD8165CA736E5
:10130000EB2718500765E4E550EC1125A8D4E9CE89
:10131000FE72165D7374BFE445ADF2920BC372F6B4
:10132000B174753C05EE42871F8370BD0E8DBFA65C
:101330004F1BEC57BC49A7428E960F8D7E8A79349D
:10134000FD2168EA26F2FD063E7A8F8D851BB3FDEE
:101350000FBE7EF17A877015037DFB0C6C287C1222
:101360000A198CAD5E52E977E7687AEBD13F4AC43F
:1013700097709A939673BC410C8BD1AC5E2DBA24B6
:10138000747398D616A8D1E7146631763805A6D6B8
:101390004CB08850CF71A38C2C4667E160E1307B64
:1013A000C5E7777050AB4C2A31A94C16FCFF0F5A99
:1013B000C4C8A61D04B152BAB57B5676423CBB9D4B
:1013C00072B42FD3B85B697820598FFDF176D1596B
:1013D0009E27F824F921CC28074A528F0EFA50058F
:1013E0007E0BEEB2DFFA86E5712874768CF17462BA
:1013F00011C20A80CB8A1BFD31E36E3D9A57815D95
:10140000DEFEA3B2105B20452A18F64326D834AC82
:1014100071F9670DD13E91BA7A3E68756EA68294D5
:101420009DBBA9D0E8910568ACF2600286C263B4A6
:1014300031C9AA157CB71B972BF4911B1E284B7042
:10144000B280144CB5CFC8EDD65B0B6411D4929822
:10145000A7113570668EB62A7D9B839A6220174944
:10146000278E1444BDEF7991C7C296CE2B91D42517
:10147000943D3C1ABC9C013DC7776285ED83E03DFD
:10148000ABBE14BD40D4172A5A35AD8E034499B66D
:10149000218CAD194378B752043C4C14EB7A819EF1
:1014A000DD951500180B9F7D9E6EA6218CF013D143
:1014B000CB25231199563458AC415EBD09FD540C1F
:1014C0003C5BBEB007B63BC6BF454A67CB5B2070EE
:1014D000DBBA89E235CB13CA87AB4FFE63E8A9A319
:1014E000BCA4B1BE7226D9277BFA2F3CD69CC1750D
:1014F0004BED8ECAFC50994491B286F1E0C2426A2B
:10150000EF9237FECF2BF73442D33808082A87985A
:10151000EF30080FC342E4A7424AF5734075BDE1BE
:101520004999AF2641FDA57CB476E78C6F5E35BF47
:1015300079CE59328D2E269D8DEE0B03F3B2C55E0A
:101540008E1BA98F39776312AE9AA08B0242DEFA06
:10155000ED373D1D3D48E35F4B3678DA735A61EE57
:10156000A01E7D630245A1C36BF0F8AE75357AAA63
:10157000BDFEAF7A5EDE305189570B54F501E08134
:101580002A214EDB7ABF3888DBCB04BFF011818E75
:10159000F282BD8F9D0C98F0D149197501CCECE415
:1015A0003B1F24547F123799C894FC910DCE54A64A
:1015B0009BBEE380A507694B167E9DDCE7A52560F1
:1015C000822396B1DD6C63BA25FFBFE629132EC1D5
:1015D0001F240F38CD30F9D5C7F31778F61D0D4805
:1015E000EA4105CD5AEE73D4E4E8D93D046C41E6F6
:1015F000F2CBBAB5F0019269FEBA15761E3E507173
:10160000FE6964358BC37CE2F27A944F2412539DB9
:10161000B3D825175C83A328278C0DCB67131BE653
:1016200080FED827D7A202C02CF3B63A576B1649D2
:1016300032BDA6753D3BF7F712AC035C875EE32035
:101640004EF5938E035CD311CEC9084426995B6492
:1016500067583DBC65E56728B99D587AAE3030E3E0
:1016600027BF993F7FFA3D7F995D8FCA96ACACB793
:10167000FF6BFAEE8BF3FFD2495B6C9F1A9F0F84CE
:1016800017FA293F1B3BCCCBD33F34923785B7C4E5
:1016900009FBAF9AD6006BCD10FA345660023326A0
:1016A000971444B15D0AF982C53D6B969856C602FF
:1016B00020C374B421D65AA2142E4F012F9CF3FEDE
:1016C000607A5D2E4013BBCF18B68329E80F66B948
:1016D00008690C00500004000000000107690D01BA
:1016E000100020009C2570E358AD0A66E66E862C3B
:1016F0008E553ECBD286FF4305AECEA191BCA955F7
:10170000B9B546EF010020003F6C9B372408CC6838
:10171000A8C2CD4E289135766DF5782DE44D24DCA8
:101720004BDF7E691C2A11FD220048003046022151
:1017300000B48B7DDAA0B44E8D483BA9EE798707C3
:10174000FABF83439CF363EB51A915DC87C92AFFD9
:10175000140221008F38385A37E0D88F95876C10E3
:101760008E1266807DC7EFCBA10240693667500FAD
:101770008A1B75ED3200710004A13D9F6C5E53D34E
:1017800044BF08A94A4A748951000461FC9C26ECB4
:101790003C2D8BDBC9481F4DB6E1237374165D8E5B
:1017A000D86BF6ED3D0C2ABEA44DC31A21C378CAEE
:1017B000534132FF3FB0AD530639A901B2A0AB4748
:1017C0001E90AF541EB6AA32A63370A99DB4AB9139
:1017D0009380887DE0317991D636D77FE7C5D6559D
:0917E00069298BEFE408174DE0C4
:020000040817DB
:107FF00077C295F360D2EF7F3552500F2CB679805F
:00000001FF
